p,r,mipo
2,1,0:1 4:1 10:1 11:1 12:1 
2,2,0:1 1:1 10:1 23:1 24:1 
2,3,0:1 2:1 10:1 35:1 36:1 
2,4,0:1 1:1 8:1 47:1 48:1 
2,5,0:1 59:1 60:1 
2,6,0:1 1:1 4:1 71:1 72:1 
2,7,0:1 1:1 11:1 83:1 84:1 
2,8,0:1 1:1 10:1 95:1 96:1 
2,9,0:1 2:1 28:1 107:1 108:1 
2,10,0:1 2:1 49:1 119:1 120:1 
2,11,0:1 2:1 18:1 131:1 132:1 
2,12,0:1 2:1 30:1 143:1 144:1 
2,13,0:1 2:1 7:1 155:1 156:1 
2,14,0:1 2:1 61:1 167:1 168:1 
3,1,0:2 7:1 11:1 12:1 
3,2,0:2 1:2 7:2 23:1 24:1 
3,3,0:2 19:1 35:1 36:1 
3,4,0:2 2:1 11:2 47:1 48:1 
3,5,0:2 55:1 59:1 60:1 
3,6,0:2 1:2 27:2 71:1 72:1 
3,7,0:2 1:2 18:2 83:1 84:1 
3,8,0:2 2:1 15:2 95:1 96:1 
3,9,0:2 1:2 16:2 107:1 108:1 
5,1,0:2 6:2 11:1 12:1 
5,2,0:3 6:3 23:1 24:1 
5,3,0:3 17:1 35:1 36:1 
5,4,0:3 6:3 47:1 48:1 
5,5,0:2 42:2 59:1 60:1 
5,6,0:3 17:2 71:1 72:1 
7,1,0:3 1:1 11:1 12:1 
7,2,0:3 4:6 23:1 24:1 
7,3,0:3 6:3 35:1 36:1 
7,4,0:5 10:1 47:1 48:1 
7,5,0:3 10:1 59:1 60:1 
11,1,0:7 11:1 12:1 
11,2,0:8 23:1 24:1 
11,3,0:7 2:6 35:1 36:1 
11,4,0:8 2:1 47:2 48:1 
13,1,0:2 1:6 11:1 12:1 
13,2,0:2 1:1 23:1 24:1 
13,3,0:2 1:4 35:1 36:1 
17,1,0:3 1:4 11:1 12:1 
17,2,0:5 1:13 23:1 24:1 
17,3,0:11 2:1 35:1 36:1 
19,1,0:3 11:1 12:1 
19,2,0:2 1:13 23:1 24:1 
19,3,0:10 2:1 35:1 36:1 
23,1,0:10 1:22 11:1 12:1 
23,2,0:7 23:1 24:1 
23,3,0:17 35:1 36:1 
29,1,0:21 11:1 12:1 
29,2,0:15 23:1 24:1 
31,1,0:3 1:15 11:1 12:1 
31,2,0:11 1:6 23:1 24:1 
37,1,0:17 11:1 12:1 
37,2,0:13 1:25 23:1 24:1 
41,1,0:6 1:9 11:1 12:1 
41,2,0:6 23:1 24:1 
43,1,0:28 11:1 12:1 
43,2,0:3 1:4 23:1 24:1 
47,1,0:5 1:1 11:1 12:1 
47,2,0:5 1:31 23:1 24:1 
53,1,0:2 11:1 12:1 
53,2,0:5 1:4 23:1 24:1 
59,1,0:14 11:1 12:1 
59,2,0:32 23:1 24:1 
61,1,0:6 11:1 12:1 
61,2,0:2 1:43 23:1 24:1 
67,1,0:18 11:1 12:1 
67,2,0:2 1:17 23:1 24:1 
71,1,0:47 11:2 12:1 
71,2,0:62 23:1 24:1 
73,1,0:14 11:1 12:1 
73,2,0:28 23:1 24:1 
79,1,0:30 11:1 12:1 
79,2,0:3 1:21 23:1 24:1 
83,1,0:8 11:1 12:1 
83,2,0:2 1:46 23:1 24:1 
89,1,0:62 11:1 12:1 
89,2,0:6 1:2 23:1 24:1 
97,1,0:39 11:1 12:1 
97,2,0:40 23:1 24:1 
101,1,0:2 11:1 12:1 
101,2,0:28 23:1 24:1 
103,1,0:43 11:1 12:1 
103,2,0:5 1:21 23:1 24:1 
107,1,0:2 11:1 12:1 
107,2,0:2 1:46 23:1 24:1 
109,1,0:30 11:1 12:1 
109,2,0:42 23:1 24:1 
113,1,0:92 11:1 12:1 
113,2,0:5 1:101 23:1 24:1 
127,1,0:55 11:1 12:1 
127,2,0:7 23:1 24:1 
131,1,0:82 11:1 12:1 
131,2,0:30 23:1 24:1 
137,1,0:3 1:31 11:1 12:1 
137,2,0:104 23:1 24:1 
139,1,0:119 11:1 12:1 
139,2,0:108 23:1 24:1 
149,1,0:34 11:1 12:1 
151,1,0:13 11:1 12:1 
157,1,0:114 11:1 12:1 
163,1,0:108 11:1 12:1 
167,1,0:73 11:1 12:1 
173,1,0:71 11:1 12:1 
179,1,0:54 11:1 12:1 
181,1,0:2 11:1 12:1 
191,1,0:57 11:1 12:1 
193,1,0:5 1:29 11:1 12:1 
197,1,0:45 11:1 12:1 
199,1,0:142 11:1 12:1 
211,1,0:174 11:1 12:1 
223,1,0:3 11:1 12:1 
227,1,0:32 11:1 12:1 
229,1,0:205 11:2 12:1 
233,1,0:6 11:1 12:1 
239,1,0:63 11:1 12:1 
241,1,0:35 11:1 12:1 
251,1,0:34 11:1 12:1 
257,1,0:74 11:1 12:1 
263,1,0:21 11:1 12:1 
269,1,0:83 11:1 12:1 
271,1,0:76 11:1 12:1 
277,1,0:137 11:1 12:1 
281,1,0:30 11:1 12:1 
283,1,0:26 11:1 12:1 
293,1,0:19 11:1 12:1 
307,1,0:151 11:1 12:1 
311,1,0:23 11:1 12:1 
313,1,0:92 11:1 12:1 
317,1,0:33 11:1 12:1 
331,1,0:59 11:1 12:1 
337,1,0:68 11:1 12:1 
347,1,0:60 11:1 12:1 
349,1,0:2 11:1 12:1 
353,1,0:104 11:1 12:1 
359,1,0:62 11:1 12:1 
367,1,0:34 11:1 12:1 
373,1,0:131 11:1 12:1 
379,1,0:31 11:1 12:1 
383,1,0:78 11:1 12:1 
389,1,0:10 11:1 12:1 
397,1,0:77 11:1 12:1 
401,1,0:13 11:1 12:1 
409,1,0:22 11:1 12:1 
419,1,0:58 11:1 12:1 
421,1,0:88 11:1 12:1 
431,1,0:84 11:1 12:1 
433,1,0:83 11:1 12:1 
439,1,0:68 11:1 12:1 
443,1,0:135 11:1 12:1 
449,1,0:138 11:1 12:1 
457,1,0:31 11:1 12:1 
461,1,0:78 11:1 12:1 
463,1,0:3 11:1 12:1 
467,1,0:2 11:1 12:1 
479,1,0:17 11:1 12:1 
487,1,0:45 11:1 12:1 
491,1,0:189 11:1 12:1 
499,1,0:10 11:1 12:1 
503,1,0:65 11:1 12:1 
509,1,0:69 11:1 12:1 
521,1,0:95 11:1 12:1 
523,1,0:2 11:1 12:1 
541,1,0:37 11:1 12:1 
547,1,0:271 11:1 12:1 
557,1,0:103 11:1 12:1 
563,1,0:18 11:1 12:1 
569,1,0:23 11:1 12:1 
571,1,0:53 11:1 12:1 
577,1,0:45 11:1 12:1 
587,1,0:102 11:1 12:1 
593,1,0:26 11:1 12:1 
599,1,0:7 11:1 12:1 
601,1,0:58 11:1 12:1 
607,1,0:39 11:1 12:1 
613,1,0:150 11:1 12:1 
617,1,0:91 11:1 12:1 
619,1,0:55 11:1 12:1 
631,1,0:54 11:1 12:1 
641,1,0:17 11:1 12:1 
643,1,0:14 11:1 12:1 
647,1,0:142 11:1 12:1 
653,1,0:125 11:1 12:1 
659,1,0:6 11:1 12:1 
661,1,0:102 11:1 12:1 
673,1,0:132 11:1 12:1 
677,1,0:29 11:1 12:1 
683,1,0:21 11:1 12:1 
691,1,0:267 11:1 12:1 
701,1,0:14 11:1 12:1 
709,1,0:14 11:1 12:1 
719,1,0:11 11:1 12:1 
727,1,0:124 11:1 12:1 
733,1,0:18 11:1 12:1 
739,1,0:117 11:1 12:1 
743,1,0:87 11:1 12:1 
751,1,0:158 11:1 12:1 
757,1,0:14 11:1 12:1 
761,1,0:126 11:1 12:1 
769,1,0:29 11:1 12:1 
773,1,0:41 11:1 12:1 
787,1,0:69 11:1 12:1 
797,1,0:12 11:1 12:1 
809,1,0:110 11:1 12:1 
811,1,0:33 11:1 12:1 
821,1,0:66 11:1 12:1 
823,1,0:7 11:1 12:1 
827,1,0:37 11:1 12:1 
829,1,0:21 11:1 12:1 
839,1,0:71 11:1 12:1 
853,1,0:87 11:1 12:1 
857,1,0:3 11:1 12:1 
859,1,0:29 11:1 12:1 
863,1,0:11 11:1 12:1 
877,1,0:42 11:1 12:1 
881,1,0:14 11:1 12:1 
883,1,0:34 11:1 12:1 
887,1,0:235 11:1 12:1 
907,1,0:5 11:1 12:1 
911,1,0:110 11:1 12:1 
919,1,0:19 11:1 12:1 
929,1,0:63 11:1 12:1 
937,1,0:130 11:1 12:1 
941,1,0:82 11:1 12:1 
947,1,0:57 11:1 12:1 
953,1,0:48 11:1 12:1 
967,1,0:38 11:1 12:1 
971,1,0:18 11:1 12:1 
977,1,0:13 11:1 12:1 
983,1,0:61 11:1 12:1 
991,1,0:12 11:1 12:1 
997,1,0:47 11:1 12:1 
1009,1,0:31 11:1 12:1 
1013,1,0:5 11:1 12:1 
1019,1,0:62 11:1 12:1 
1021,1,0:35 11:1 12:1 
1031,1,0:84 11:1 12:1 
1033,1,0:30 11:1 12:1 
1039,1,0:88 11:1 12:1 
1049,1,0:31 11:1 12:1 
1051,1,0:18 11:1 12:1 
1061,1,0:137 11:1 12:1 
1063,1,0:86 11:1 12:1 
1069,1,0:7 11:1 12:1 
1087,1,0:3 11:1 12:1 
1091,1,0:17 11:1 12:1 
1093,1,0:19 11:1 12:1 
1097,1,0:19 11:1 12:1 
1103,1,0:239 11:1 12:1 
1109,1,0:60 11:1 12:1 
1117,1,0:20 11:1 12:1 
1123,1,0:20 11:1 12:1 
1129,1,0:17 11:1 12:1 
1151,1,0:34 11:1 12:1 
1153,1,0:83 11:1 12:1 
1163,1,0:39 11:1 12:1 
1171,1,0:161 11:1 12:1 
1181,1,0:74 11:1 12:1 
1187,1,0:74 11:1 12:1 
1193,1,0:10 11:1 12:1 
1201,1,0:22 11:1 12:1 
1213,1,0:89 11:1 12:1 
1217,1,0:125 11:1 12:1 
1223,1,0:31 11:1 12:1 
1229,1,0:19 11:1 12:1 
1231,1,0:57 11:1 12:1 
1237,1,0:116 11:1 12:1 
1249,1,0:131 11:1 12:1 
1259,1,0:31 11:1 12:1 
1277,1,0:77 11:1 12:1 
1279,1,0:55 11:1 12:1 
1283,1,0:2 11:1 12:1 
1289,1,0:86 11:1 12:1 
1291,1,0:104 11:1 12:1 
1297,1,0:160 11:1 12:1 
1301,1,0:97 11:1 12:1 
1303,1,0:12 11:1 12:1 
1307,1,0:38 11:1 12:1 
1319,1,0:145 11:1 12:1 
1321,1,0:47 11:1 12:1 
1327,1,0:46 11:1 12:1 
1361,1,0:29 11:1 12:1 
1367,1,0:28 11:1 12:1 
1373,1,0:5 11:1 12:1 
1381,1,0:19 11:1 12:1 
1399,1,0:43 11:1 12:1 
1409,1,0:86 11:1 12:1 
1423,1,0:131 11:1 12:1 
1427,1,0:310 11:1 12:1 
1429,1,0:139 11:1 12:1 
1433,1,0:7 11:1 12:1 
1439,1,0:71 11:1 12:1 
1447,1,0:156 11:1 12:1 
1451,1,0:51 11:1 12:1 
1453,1,0:43 11:1 12:1 
1459,1,0:153 11:1 12:1 
1471,1,0:66 11:1 12:1 
1481,1,0:29 11:1 12:1 
1483,1,0:3 11:1 12:1 
1487,1,0:40 11:1 12:1 
1489,1,0:43 11:1 12:1 
1493,1,0:141 11:1 12:1 
1499,1,0:40 11:1 12:1 
1511,1,0:142 11:1 12:1 
1523,1,0:101 11:1 12:1 
1531,1,0:14 11:1 12:1 
1543,1,0:23 11:1 12:1 
1549,1,0:30 11:1 12:1 
1553,1,0:10 11:1 12:1 
1559,1,0:129 11:1 12:1 
1567,1,0:34 11:1 12:1 
1571,1,0:128 11:1 12:1 
1579,1,0:93 11:1 12:1 
1583,1,0:154 11:1 12:1 
1597,1,0:34 11:1 12:1 
1601,1,0:35 11:1 12:1 
1607,1,0:56 11:1 12:1 
1609,1,0:63 11:1 12:1 
1613,1,0:30 11:1 12:1 
1619,1,0:155 11:1 12:1 
1621,1,0:113 11:1 12:1 
1627,1,0:62 11:1 12:1 
1637,1,0:41 11:1 12:1 
1657,1,0:60 11:1 12:1 
1663,1,0:34 11:1 12:1 
1667,1,0:26 11:1 12:1 
1669,1,0:250 11:1 12:1 
1693,1,0:26 11:1 12:1 
1697,1,0:14 11:1 12:1 
1699,1,0:12 11:1 12:1 
1709,1,0:67 11:1 12:1 
1721,1,0:54 11:1 12:1 
1723,1,0:29 11:1 12:1 
1733,1,0:51 11:1 12:1 
1741,1,0:19 11:1 12:1 
1747,1,0:206 11:1 12:1 
1753,1,0:21 11:1 12:1 
1759,1,0:12 11:1 12:1 
1777,1,0:5 11:1 12:1 
1783,1,0:38 11:1 12:1 
1787,1,0:44 11:1 12:1 
1789,1,0:167 11:1 12:1 
1801,1,0:31 11:1 12:1 
1811,1,0:30 11:1 12:1 
1823,1,0:94 11:1 12:1 
1831,1,0:3 11:1 12:1 
1847,1,0:129 11:1 12:1 
1861,1,0:30 11:1 12:1 
1867,1,0:47 11:1 12:1 
1871,1,0:44 11:1 12:1 
1873,1,0:165 11:1 12:1 
1877,1,0:111 11:1 12:1 
1879,1,0:48 11:1 12:1 
1889,1,0:61 11:1 12:1 
1901,1,0:57 11:1 12:1 
1907,1,0:125 11:1 12:1 
1913,1,0:111 11:1 12:1 
1931,1,0:150 11:1 12:1 
1933,1,0:78 11:1 12:1 
1949,1,0:68 11:1 12:1 
1951,1,0:102 11:1 12:1 
1973,1,0:18 11:1 12:1 
1979,1,0:26 11:1 12:1 
1987,1,0:13 11:1 12:1 
1993,1,0:7 11:1 12:1 
1997,1,0:76 11:1 12:1 
1999,1,0:15 11:1 12:1 
2003,1,0:20 11:1 12:1 
2011,1,0:93 11:1 12:1 
2017,1,0:94 11:1 12:1 
2027,1,0:8 11:1 12:1 
2029,1,0:6 11:1 12:1 
2039,1,0:95 11:1 12:1 
2053,1,0:35 11:1 12:1 
2063,1,0:30 11:1 12:1 
2069,1,0:56 11:1 12:1 
2081,1,0:21 11:1 12:1 
2083,1,0:67 11:1 12:1 
2087,1,0:85 11:1 12:1 
2089,1,0:7 11:1 12:1 
2099,1,0:39 11:1 12:1 
2111,1,0:17 11:1 12:1 
2113,1,0:107 11:1 12:1 
2129,1,0:3 11:1 12:1 
2131,1,0:162 11:1 12:1 
2137,1,0:46 11:1 12:1 
2141,1,0:69 11:1 12:1 
2143,1,0:234 11:1 12:1 
2153,1,0:167 11:1 12:1 
2161,1,0:116 11:1 12:1 
2179,1,0:168 11:1 12:1 
2203,1,0:30 11:1 12:1 
2207,1,0:65 11:1 12:1 
2213,1,0:232 11:1 12:1 
2221,1,0:13 11:1 12:1 
2237,1,0:102 11:1 12:1 
2239,1,0:37 11:1 12:1 
2243,1,0:126 11:1 12:1 
2251,1,0:7 11:1 12:1 
2267,1,0:133 11:1 12:1 
2269,1,0:90 11:1 12:1 
2273,1,0:48 11:1 12:1 
2281,1,0:56 11:1 12:1 
2287,1,0:147 11:1 12:1 
2293,1,0:52 11:1 12:1 
2297,1,0:35 11:1 12:1 
2309,1,0:28 11:1 12:1 
2311,1,0:3 11:1 12:1 
2333,1,0:98 11:1 12:1 
2339,1,0:82 11:1 12:1 
2341,1,0:10 11:1 12:1 
2347,1,0:136 11:1 12:1 
2351,1,0:130 11:1 12:1 
2357,1,0:32 11:1 12:1 
2371,1,0:93 11:1 12:1 
2377,1,0:19 11:1 12:1 
2381,1,0:167 11:1 12:1 
2383,1,0:75 11:1 12:1 
2389,1,0:2 11:1 12:1 
2393,1,0:125 11:1 12:1 
2399,1,0:103 11:1 12:1 
2411,1,0:46 11:1 12:1 
2417,1,0:94 11:1 12:1 
2423,1,0:37 11:1 12:1 
2437,1,0:15 11:1 12:1 
2441,1,0:140 11:1 12:1 
2447,1,0:44 11:1 12:1 
2459,1,0:66 11:1 12:1 
2467,1,0:56 11:1 12:1 
2473,1,0:76 11:1 12:1 
2477,1,0:2 11:1 12:1 
2503,1,0:132 11:1 12:1 
2521,1,0:172 11:1 12:1 
2531,1,0:119 11:1 12:1 
2539,1,0:3 11:1 12:1 
2543,1,0:92 11:1 12:1 
2549,1,0:14 11:1 12:1 
2551,1,0:62 11:1 12:1 
2557,1,0:5 11:1 12:1 
2579,1,0:23 11:1 12:1 
2591,1,0:97 11:1 12:1 
2593,1,0:185 11:1 12:1 
2609,1,0:120 11:1 12:1 
2617,1,0:15 11:1 12:1 
2621,1,0:13 11:1 12:1 
2633,1,0:45 11:1 12:1 
2647,1,0:76 11:1 12:1 
2657,1,0:22 11:1 12:1 
2659,1,0:70 11:1 12:1 
2663,1,0:35 11:1 12:1 
2671,1,0:19 11:1 12:1 
2677,1,0:195 11:1 12:1 
2683,1,0:5 11:1 12:1 
2687,1,0:37 11:1 12:1 
2689,1,0:117 11:1 12:1 
2693,1,0:8 11:1 12:1 
2699,1,0:94 11:1 12:1 
2707,1,0:114 11:1 12:1 
2711,1,0:26 11:1 12:1 
2713,1,0:22 11:1 12:1 
2719,1,0:57 11:1 12:1 
2729,1,0:183 11:1 12:1 
2731,1,0:7 11:1 12:1 
2741,1,0:48 11:1 12:1 
2749,1,0:109 11:1 12:1 
2753,1,0:5 11:1 12:1 
2767,1,0:20 11:1 12:1 
2777,1,0:63 11:1 12:1 
2789,1,0:2 11:1 12:1 
2791,1,0:137 11:1 12:1 
2797,1,0:92 11:1 12:1 
2801,1,0:30 11:1 12:1 
2803,1,0:2 11:1 12:1 
2819,1,0:94 11:1 12:1 
2833,1,0:42 11:1 12:1 
2837,1,0:61 11:1 12:1 
2843,1,0:65 11:1 12:1 
2851,1,0:7 11:1 12:1 
2857,1,0:45 11:1 12:1 
2861,1,0:93 11:1 12:1 
2879,1,0:86 11:1 12:1 
2887,1,0:39 11:1 12:1 
2897,1,0:20 11:1 12:1 
2903,1,0:65 11:1 12:1 
2909,1,0:3 11:1 12:1 
2917,1,0:72 11:1 12:1 
2927,1,0:13 11:1 12:1 
2939,1,0:30 11:1 12:1 
2953,1,0:13 11:1 12:1 
2957,1,0:186 11:1 12:1 
2963,1,0:167 11:1 12:1 
2969,1,0:149 11:1 12:1 
2971,1,0:93 11:1 12:1 
2999,1,0:37 11:1 12:1 
3001,1,0:23 11:1 12:1 
3011,1,0:77 11:1 12:1 
3019,1,0:85 11:1 12:1 
3023,1,0:45 11:1 12:1 
3037,1,0:50 11:1 12:1 
3041,1,0:3 11:1 12:1 
3049,1,0:123 11:1 12:1 
3061,1,0:98 11:1 12:1 
3067,1,0:62 11:1 12:1 
3079,1,0:69 11:1 12:1 
3083,1,0:11 11:1 12:1 
3089,1,0:15 11:1 12:1 
3109,1,0:65 11:1 12:1 
3119,1,0:112 11:1 12:1 
3121,1,0:179 11:1 12:1 
3137,1,0:35 11:1 12:1 
3163,1,0:18 11:1 12:1 
3167,1,0:51 11:1 12:1 
3169,1,0:56 11:1 12:1 
3181,1,0:84 11:1 12:1 
3187,1,0:175 11:1 12:1 
3191,1,0:136 11:1 12:1 
3203,1,0:23 11:1 12:1 
3209,1,0:48 11:1 12:1 
3217,1,0:23 11:1 12:1 
3221,1,0:79 11:1 12:1 
3229,1,0:67 11:1 12:1 
3251,1,0:23 11:1 12:1 
3253,1,0:114 11:1 12:1 
3257,1,0:33 11:1 12:1 
3259,1,0:61 11:1 12:1 
3271,1,0:34 11:1 12:1 
3299,1,0:35 11:1 12:1 
3301,1,0:98 11:1 12:1 
3307,1,0:208 11:1 12:1 
3313,1,0:10 11:1 12:1 
3319,1,0:15 11:1 12:1 
3323,1,0:228 11:1 12:1 
3329,1,0:42 11:1 12:1 
3331,1,0:82 11:1 12:1 
3343,1,0:93 11:1 12:1 
3347,1,0:60 11:1 12:1 
3359,1,0:101 11:1 12:1 
3361,1,0:86 11:1 12:1 
3371,1,0:78 11:1 12:1 
3373,1,0:52 11:1 12:1 
3389,1,0:22 11:1 12:1 
3391,1,0:105 11:1 12:1 
3407,1,0:124 11:1 12:1 
3413,1,0:12 11:1 12:1 
3433,1,0:10 11:1 12:1 
3449,1,0:30 11:1 12:1 
3457,1,0:120 11:1 12:1 
3461,1,0:12 11:1 12:1 
3463,1,0:198 11:1 12:1 
3467,1,0:20 11:1 12:1 
3469,1,0:54 11:1 12:1 
3491,1,0:31 11:1 12:1 
3499,1,0:14 11:1 12:1 
3511,1,0:33 11:1 12:1 
3517,1,0:18 11:1 12:1 
3527,1,0:92 11:1 12:1 
3529,1,0:26 11:1 12:1 
3533,1,0:37 11:1 12:1 
3539,1,0:26 11:1 12:1 
3541,1,0:96 11:1 12:1 
3547,1,0:354 11:1 12:1 
3557,1,0:148 11:1 12:1 
3559,1,0:39 11:1 12:1 
3571,1,0:75 11:1 12:1 
3581,1,0:12 11:1 12:1 
3583,1,0:40 11:1 12:1 
3593,1,0:13 11:1 12:1 
3607,1,0:43 11:1 12:1 
3613,1,0:5 11:1 12:1 
3617,1,0:59 11:1 12:1 
3623,1,0:46 11:1 12:1 
3631,1,0:71 11:1 12:1 
3637,1,0:104 11:1 12:1 
3643,1,0:32 11:1 12:1 
3659,1,0:32 11:1 12:1 
3671,1,0:76 11:1 12:1 
3673,1,0:56 11:1 12:1 
3677,1,0:41 11:1 12:1 
3691,1,0:88 11:1 12:1 
3697,1,0:61 11:1 12:1 
3701,1,0:23 11:1 12:1 
3709,1,0:41 11:1 12:1 
3719,1,0:273 11:1 12:1 
3727,1,0:45 11:1 12:1 
3733,1,0:87 11:1 12:1 
3739,1,0:78 11:1 12:1 
3761,1,0:78 11:1 12:1 
3767,1,0:10 11:1 12:1 
3769,1,0:66 11:1 12:1 
3779,1,0:24 11:1 12:1 
3793,1,0:97 11:1 12:1 
3797,1,0:32 11:1 12:1 
3803,1,0:20 11:1 12:1 
3821,1,0:109 11:1 12:1 
3823,1,0:62 11:1 12:1 
3833,1,0:75 11:1 12:1 
3847,1,0:41 11:1 12:1 
3851,1,0:63 11:1 12:1 
3853,1,0:13 11:1 12:1 
3863,1,0:265 11:1 12:1 
3877,1,0:96 11:1 12:1 
3881,1,0:17 11:1 12:1 
3889,1,0:159 11:1 12:1 
3907,1,0:108 11:1 12:1 
3911,1,0:23 11:1 12:1 
3917,1,0:141 11:1 12:1 
3919,1,0:93 11:1 12:1 
3923,1,0:55 11:1 12:1 
3929,1,0:198 11:1 12:1 
3931,1,0:31 11:1 12:1 
3943,1,0:69 11:1 12:1 
3947,1,0:50 11:1 12:1 
3967,1,0:13 11:1 12:1 
3989,1,0:2 11:1 12:1 
4001,1,0:131 11:1 12:1 
4003,1,0:33 11:1 12:1 
4007,1,0:60 11:1 12:1 
4013,1,0:39 11:1 12:1 
4019,1,0:44 11:1 12:1 
4021,1,0:18 11:1 12:1 
4027,1,0:5 11:1 12:1 
4049,1,0:136 11:1 12:1 
4051,1,0:84 11:1 12:1 
4057,1,0:74 11:1 12:1 
4073,1,0:80 11:1 12:1 
4079,1,0:71 11:1 12:1 
4091,1,0:128 11:1 12:1 
4093,1,0:18 11:1 12:1 
4099,1,0:229 11:1 12:1 
4111,1,0:75 11:1 12:1 
4127,1,0:77 11:1 12:1 
4129,1,0:130 11:1 12:1 
4133,1,0:65 11:1 12:1 
4139,1,0:2 11:1 12:1 
4153,1,0:78 11:1 12:1 
4157,1,0:5 11:1 12:1 
4159,1,0:75 11:1 12:1 
4177,1,0:20 11:1 12:1 
4201,1,0:44 11:1 12:1 
4211,1,0:6 11:1 12:1 
4217,1,0:53 11:1 12:1 
4219,1,0:165 11:1 12:1 
4229,1,0:115 11:1 12:1 
4231,1,0:93 11:1 12:1 
4241,1,0:137 11:1 12:1 
4243,1,0:32 11:1 12:1 
4253,1,0:29 11:1 12:1 
4259,1,0:70 11:1 12:1 
4261,1,0:21 11:1 12:1 
4271,1,0:29 11:1 12:1 
4273,1,0:7 11:1 12:1 
4283,1,0:14 11:1 12:1 
4289,1,0:68 11:1 12:1 
4297,1,0:103 11:1 12:1 
4327,1,0:31 11:1 12:1 
4337,1,0:97 11:1 12:1 
4339,1,0:14 11:1 12:1 
4349,1,0:190 11:1 12:1 
4357,1,0:92 11:1 12:1 
4363,1,0:28 11:1 12:1 
4373,1,0:27 11:1 12:1 
4391,1,0:112 11:1 12:1 
4397,1,0:257 11:1 12:1 
4409,1,0:14 11:1 12:1 
4421,1,0:167 11:1 12:1 
4423,1,0:10 11:1 12:1 
4441,1,0:107 11:1 12:1 
4447,1,0:39 11:1 12:1 
4451,1,0:93 11:1 12:1 
4457,1,0:40 11:1 12:1 
4463,1,0:29 11:1 12:1 
4481,1,0:48 11:1 12:1 
4483,1,0:52 11:1 12:1 
4493,1,0:45 11:1 12:1 
4507,1,0:50 11:1 12:1 
4513,1,0:89 11:1 12:1 
4517,1,0:21 11:1 12:1 
4519,1,0:73 11:1 12:1 
4523,1,0:57 11:1 12:1 
4547,1,0:28 11:1 12:1 
4549,1,0:6 11:1 12:1 
4561,1,0:23 11:1 12:1 
4567,1,0:5 11:1 12:1 
4583,1,0:60 11:1 12:1 
4591,1,0:178 11:1 12:1 
4597,1,0:21 11:1 12:1 
4603,1,0:5 11:1 12:1 
4621,1,0:2 11:1 12:1 
4637,1,0:7 11:1 12:1 
4639,1,0:43 11:1 12:1 
4643,1,0:7 11:1 12:1 
4649,1,0:301 11:1 12:1 
4651,1,0:39 11:1 12:1 
4657,1,0:67 11:1 12:1 
4663,1,0:7 11:1 12:1 
4673,1,0:109 11:1 12:1 
4679,1,0:76 11:1 12:1 
4691,1,0:2 11:1 12:1 
4703,1,0:86 11:1 12:1 
4721,1,0:14 11:1 12:1 
4723,1,0:66 11:1 12:1 
4729,1,0:17 11:1 12:1 
4733,1,0:68 11:1 12:1 
4751,1,0:94 11:1 12:1 
4759,1,0:47 11:1 12:1 
4783,1,0:12 11:1 12:1 
4787,1,0:56 11:1 12:1 
4789,1,0:42 11:1 12:1 
4793,1,0:56 11:1 12:1 
4799,1,0:65 11:1 12:1 
4801,1,0:21 11:1 12:1 
4813,1,0:110 11:1 12:1 
4817,1,0:45 11:1 12:1 
4831,1,0:85 11:1 12:1 
4861,1,0:102 11:1 12:1 
4871,1,0:22 11:1 12:1 
4877,1,0:12 11:1 12:1 
4889,1,0:12 11:1 12:1 
4903,1,0:136 11:1 12:1 
4909,1,0:13 11:1 12:1 
4919,1,0:26 11:1 12:1 
4931,1,0:78 11:1 12:1 
4933,1,0:89 11:1 12:1 
4937,1,0:3 11:1 12:1 
4943,1,0:223 11:1 12:1 
4951,1,0:75 11:1 12:1 
4957,1,0:29 11:1 12:1 
4967,1,0:110 11:1 12:1 
4969,1,0:51 11:1 12:1 
4973,1,0:5 11:1 12:1 
4987,1,0:97 11:1 12:1 
4993,1,0:43 11:1 12:1 
4999,1,0:155 11:1 12:1 
5003,1,0:19 11:1 12:1 
5009,1,0:3 11:1 12:1 
5011,1,0:14 11:1 12:1 
5021,1,0:146 11:1 12:1 
5023,1,0:26 11:1 12:1 
5039,1,0:51 11:1 12:1 
5051,1,0:197 11:1 12:1 
5059,1,0:292 11:1 12:1 
5077,1,0:50 11:1 12:1 
5081,1,0:94 11:1 12:1 
5087,1,0:134 11:1 12:1 
5099,1,0:41 11:1 12:1 
5101,1,0:39 11:1 12:1 
5107,1,0:57 11:1 12:1 
5113,1,0:38 11:1 12:1 
5119,1,0:31 11:1 12:1 
5147,1,0:63 11:1 12:1 
5153,1,0:42 11:1 12:1 
5167,1,0:63 11:1 12:1 
5171,1,0:58 11:1 12:1 
5179,1,0:65 11:1 12:1 
5189,1,0:8 11:1 12:1 
5197,1,0:69 11:1 12:1 
5209,1,0:19 11:1 12:1 
5227,1,0:20 11:1 12:1 
5231,1,0:359 11:1 12:1 
5233,1,0:90 11:1 12:1 
5237,1,0:72 11:1 12:1 
5261,1,0:12 11:1 12:1 
5273,1,0:87 11:1 12:1 
5279,1,0:252 11:1 12:1 
5281,1,0:7 11:1 12:1 
5297,1,0:46 11:1 12:1 
5303,1,0:43 11:1 12:1 
5309,1,0:17 11:1 12:1 
5323,1,0:30 11:1 12:1 
5333,1,0:20 11:1 12:1 
5347,1,0:39 11:1 12:1 
5351,1,0:139 11:1 12:1 
5381,1,0:10 11:1 12:1 
5387,1,0:2 11:1 12:1 
5393,1,0:63 11:1 12:1 
5399,1,0:33 11:1 12:1 
5407,1,0:65 11:1 12:1 
5413,1,0:55 11:1 12:1 
5417,1,0:14 11:1 12:1 
5419,1,0:35 11:1 12:1 
5431,1,0:109 11:1 12:1 
5437,1,0:26 11:1 12:1 
5441,1,0:105 11:1 12:1 
5443,1,0:42 11:1 12:1 
5449,1,0:92 11:1 12:1 
5471,1,0:26 11:1 12:1 
5477,1,0:91 11:1 12:1 
5479,1,0:65 11:1 12:1 
5483,1,0:23 11:1 12:1 
5501,1,0:108 11:1 12:1 
5503,1,0:7 11:1 12:1 
5507,1,0:8 11:1 12:1 
5519,1,0:73 11:1 12:1 
5521,1,0:58 11:1 12:1 
5527,1,0:5 11:1 12:1 
5531,1,0:30 11:1 12:1 
5557,1,0:141 11:1 12:1 
5563,1,0:84 11:1 12:1 
5569,1,0:122 11:1 12:1 
5573,1,0:65 11:1 12:1 
5581,1,0:26 11:1 12:1 
5591,1,0:44 11:1 12:1 
5623,1,0:232 11:1 12:1 
5639,1,0:68 11:1 12:1 
5641,1,0:85 11:1 12:1 
5647,1,0:73 11:1 12:1 
5651,1,0:63 11:1 12:1 
5653,1,0:31 11:1 12:1 
5657,1,0:59 11:1 12:1 
5659,1,0:32 11:1 12:1 
5669,1,0:39 11:1 12:1 
5683,1,0:32 11:1 12:1 
5689,1,0:103 11:1 12:1 
5693,1,0:48 11:1 12:1 
5701,1,0:10 11:1 12:1 
5711,1,0:19 11:1 12:1 
5717,1,0:47 11:1 12:1 
5737,1,0:11 11:1 12:1 
5741,1,0:27 11:1 12:1 
5743,1,0:10 11:1 12:1 
5749,1,0:182 11:1 12:1 
5779,1,0:2 11:1 12:1 
5783,1,0:38 11:1 12:1 
5791,1,0:60 11:1 12:1 
5801,1,0:23 11:1 12:1 
5807,1,0:77 11:1 12:1 
5813,1,0:34 11:1 12:1 
5821,1,0:10 11:1 12:1 
5827,1,0:14 11:1 12:1 
5839,1,0:29 11:1 12:1 
5843,1,0:95 11:1 12:1 
5849,1,0:87 11:1 12:1 
5851,1,0:21 11:1 12:1 
5857,1,0:56 11:1 12:1 
5861,1,0:116 11:1 12:1 
5867,1,0:85 11:1 12:1 
5869,1,0:29 11:1 12:1 
5879,1,0:254 11:1 12:1 
5881,1,0:253 11:1 12:1 
5897,1,0:12 11:1 12:1 
5903,1,0:7 11:1 12:1 
5923,1,0:103 11:1 12:1 
5927,1,0:227 11:1 12:1 
5939,1,0:54 11:1 12:1 
5953,1,0:95 11:1 12:1 
5981,1,0:107 11:1 12:1 
5987,1,0:98 11:1 12:1 
6007,1,0:28 11:1 12:1 
6011,1,0:11 11:1 12:1 
6029,1,0:56 11:1 12:1 
6037,1,0:5 11:1 12:1 
6043,1,0:13 11:1 12:1 
6047,1,0:26 11:1 12:1 
6053,1,0:159 11:1 12:1 
6067,1,0:18 11:1 12:1 
6073,1,0:193 11:1 12:1 
6079,1,0:86 11:1 12:1 
6089,1,0:35 11:1 12:1 
6091,1,0:107 11:1 12:1 
6101,1,0:234 11:1 12:1 
6113,1,0:78 11:1 12:1 
6121,1,0:202 11:1 12:1 
6131,1,0:42 11:1 12:1 
6133,1,0:20 11:1 12:1 
6143,1,0:21 11:1 12:1 
6151,1,0:29 11:1 12:1 
6163,1,0:46 11:1 12:1 
6173,1,0:37 11:1 12:1 
6197,1,0:34 11:1 12:1 
6199,1,0:23 11:1 12:1 
6203,1,0:135 11:1 12:1 
6211,1,0:48 11:1 12:1 
6217,1,0:93 11:1 12:1 
6221,1,0:12 11:1 12:1 
6229,1,0:2 11:1 12:1 
6247,1,0:10 11:1 12:1 
6257,1,0:161 11:1 12:1 
6263,1,0:95 11:1 12:1 
6269,1,0:232 11:1 12:1 
6271,1,0:51 11:1 12:1 
6277,1,0:24 11:1 12:1 
6287,1,0:84 11:1 12:1 
6299,1,0:8 11:1 12:1 
6301,1,0:88 11:1 12:1 
6311,1,0:112 11:1 12:1 
6317,1,0:26 11:1 12:1 
6323,1,0:45 11:1 12:1 
6329,1,0:54 11:1 12:1 
6337,1,0:45 11:1 12:1 
6343,1,0:28 11:1 12:1 
6353,1,0:48 11:1 12:1 
6359,1,0:44 11:1 12:1 
6361,1,0:84 11:1 12:1 
6367,1,0:3 11:1 12:1 
6373,1,0:104 11:1 12:1 
6379,1,0:3 11:1 12:1 
6389,1,0:2 11:1 12:1 
6397,1,0:24 11:1 12:1 
6421,1,0:53 11:1 12:1 
6427,1,0:13 11:1 12:1 
6449,1,0:15 11:1 12:1 
6451,1,0:11 11:1 12:1 
6469,1,0:247 11:1 12:1 
6473,1,0:27 11:1 12:1 
6481,1,0:63 11:1 12:1 
6491,1,0:30 11:1 12:1 
6521,1,0:69 11:1 12:1 
6529,1,0:59 11:1 12:1 
6547,1,0:3 11:1 12:1 
6551,1,0:83 11:1 12:1 
6553,1,0:82 11:1 12:1 
6563,1,0:13 11:1 12:1 
6569,1,0:173 11:1 12:1 
6571,1,0:3 11:1 12:1 
6577,1,0:30 11:1 12:1 
6581,1,0:61 11:1 12:1 
6599,1,0:278 11:1 12:1 
6607,1,0:39 11:1 12:1 
6619,1,0:40 11:1 12:1 
6637,1,0:2 11:1 12:1 
6653,1,0:39 11:1 12:1 
6659,1,0:18 11:1 12:1 
6661,1,0:142 11:1 12:1 
6673,1,0:142 11:1 12:1 
6679,1,0:77 11:1 12:1 
6689,1,0:233 11:1 12:1 
6691,1,0:200 11:1 12:1 
6701,1,0:70 11:1 12:1 
6703,1,0:239 11:1 12:1 
6709,1,0:41 11:1 12:1 
6719,1,0:22 11:1 12:1 
6733,1,0:72 11:1 12:1 
6737,1,0:23 11:1 12:1 
6761,1,0:31 11:1 12:1 
6763,1,0:3 11:1 12:1 
6779,1,0:40 11:1 12:1 
6781,1,0:7 11:1 12:1 
6791,1,0:65 11:1 12:1 
6793,1,0:10 11:1 12:1 
6803,1,0:33 11:1 12:1 
6823,1,0:44 11:1 12:1 
6827,1,0:131 11:1 12:1 
6829,1,0:6 11:1 12:1 
6833,1,0:140 11:1 12:1 
6841,1,0:103 11:1 12:1 
6857,1,0:96 11:1 12:1 
6863,1,0:120 11:1 12:1 
6869,1,0:78 11:1 12:1 
6871,1,0:58 11:1 12:1 
6883,1,0:32 11:1 12:1 
6899,1,0:24 11:1 12:1 
6907,1,0:73 11:1 12:1 
6911,1,0:66 11:1 12:1 
6917,1,0:33 11:1 12:1 
6947,1,0:20 11:1 12:1 
6949,1,0:11 11:1 12:1 
6959,1,0:141 11:1 12:1 
6961,1,0:62 11:1 12:1 
6967,1,0:44 11:1 12:1 
6971,1,0:62 11:1 12:1 
6977,1,0:10 11:1 12:1 
6983,1,0:30 11:1 12:1 
6991,1,0:33 11:1 12:1 
6997,1,0:38 11:1 12:1 
7001,1,0:117 11:1 12:1 
7013,1,0:72 11:1 12:1 
7019,1,0:159 11:1 12:1 
7027,1,0:47 11:1 12:1 
7039,1,0:14 11:1 12:1 
7043,1,0:62 11:1 12:1 
7057,1,0:88 11:1 12:1 
7069,1,0:128 11:1 12:1 
7079,1,0:19 11:1 12:1 
7103,1,0:29 11:1 12:1 
7109,1,0:10 11:1 12:1 
7121,1,0:38 11:1 12:1 
7127,1,0:60 11:1 12:1 
7129,1,0:39 11:1 12:1 
7151,1,0:172 11:1 12:1 
7159,1,0:3 11:1 12:1 
7177,1,0:55 11:1 12:1 
7187,1,0:11 11:1 12:1 
7193,1,0:23 11:1 12:1 
7207,1,0:75 11:1 12:1 
7211,1,0:194 11:1 12:1 
7213,1,0:20 11:1 12:1 
7219,1,0:17 11:1 12:1 
7229,1,0:57 11:1 12:1 
7237,1,0:70 11:1 12:1 
7243,1,0:245 11:1 12:1 
7247,1,0:56 11:1 12:1 
7253,1,0:59 11:1 12:1 
7283,1,0:42 11:1 12:1 
7297,1,0:112 11:1 12:1 
7307,1,0:57 11:1 12:1 
7309,1,0:10 11:1 12:1 
7321,1,0:69 11:1 12:1 
7331,1,0:76 11:1 12:1 
7333,1,0:124 11:1 12:1 
7349,1,0:2 11:1 12:1 
7351,1,0:56 11:1 12:1 
7369,1,0:53 11:1 12:1 
7393,1,0:246 11:1 12:1 
7411,1,0:76 11:1 12:1 
7417,1,0:35 11:1 12:1 
7433,1,0:51 11:1 12:1 
7451,1,0:33 11:1 12:1 
7457,1,0:35 11:1 12:1 
7459,1,0:107 11:1 12:1 
7477,1,0:134 11:1 12:1 
7481,1,0:75 11:1 12:1 
7487,1,0:37 11:1 12:1 
7489,1,0:138 11:1 12:1 
7499,1,0:22 11:1 12:1 
7507,1,0:13 11:1 12:1 
7517,1,0:148 11:1 12:1 
7523,1,0:56 11:1 12:1 
7529,1,0:139 11:1 12:1 
7537,1,0:19 11:1 12:1 
7541,1,0:50 11:1 12:1 
7547,1,0:47 11:1 12:1 
7549,1,0:287 11:1 12:1 
7559,1,0:95 11:1 12:1 
7561,1,0:46 11:1 12:1 
7573,1,0:123 11:1 12:1 
7577,1,0:26 11:1 12:1 
7583,1,0:22 11:1 12:1 
7589,1,0:171 11:1 12:1 
7591,1,0:147 11:1 12:1 
7603,1,0:167 11:1 12:1 
7607,1,0:41 11:1 12:1 
7621,1,0:21 11:1 12:1 
7639,1,0:15 11:1 12:1 
7643,1,0:8 11:1 12:1 
7649,1,0:3 11:1 12:1 
7669,1,0:6 11:1 12:1 
7673,1,0:10 11:1 12:1 
7681,1,0:123 11:1 12:1 
7687,1,0:40 11:1 12:1 
7691,1,0:52 11:1 12:1 
7699,1,0:21 11:1 12:1 
7703,1,0:5 11:1 12:1 
7717,1,0:31 11:1 12:1 
7723,1,0:173 11:1 12:1 
7727,1,0:85 11:1 12:1 
7741,1,0:184 11:1 12:1 
7753,1,0:177 11:1 12:1 
7757,1,0:18 11:1 12:1 
7759,1,0:62 11:1 12:1 
7789,1,0:39 11:1 12:1 
7793,1,0:124 11:1 12:1 
7817,1,0:10 11:1 12:1 
7823,1,0:249 11:1 12:1 
7829,1,0:44 11:1 12:1 
7841,1,0:15 11:1 12:1 
7853,1,0:63 11:1 12:1 
7867,1,0:130 11:1 12:1 
7873,1,0:174 11:1 12:1 
7877,1,0:26 11:1 12:1 
7879,1,0:12 11:1 12:1 
7883,1,0:76 11:1 12:1 
7901,1,0:26 11:1 12:1 
7907,1,0:6 11:1 12:1 
7919,1,0:279 11:1 12:1 
7927,1,0:132 11:1 12:1 
7933,1,0:24 11:1 12:1 
7937,1,0:44 11:1 12:1 
7949,1,0:11 11:1 12:1 
7951,1,0:55 11:1 12:1 
7963,1,0:22 11:1 12:1 
7993,1,0:67 11:1 12:1 
8009,1,0:243 11:1 12:1 
8011,1,0:98 11:1 12:1 
8017,1,0:194 11:1 12:1 
8039,1,0:62 11:1 12:1 
8053,1,0:13 11:1 12:1 
8059,1,0:3 11:1 12:1 
8069,1,0:71 11:1 12:1 
8081,1,0:27 11:1 12:1 
8087,1,0:65 11:1 12:1 
8089,1,0:94 11:1 12:1 
8093,1,0:163 11:1 12:1 
8101,1,0:6 11:1 12:1 
8111,1,0:37 11:1 12:1 
8117,1,0:2 11:1 12:1 
8123,1,0:32 11:1 12:1 
8147,1,0:31 11:1 12:1 
8161,1,0:22 11:1 12:1 
8167,1,0:38 11:1 12:1 
8171,1,0:59 11:1 12:1 
8179,1,0:3 11:1 12:1 
8191,1,0:297 11:1 12:1 
8209,1,0:215 11:1 12:1 
8219,1,0:28 11:1 12:1 
8221,1,0:120 11:1 12:1 
8231,1,0:93 11:1 12:1 
8233,1,0:212 11:1 12:1 
8237,1,0:123 11:1 12:1 
8243,1,0:28 11:1 12:1 
8263,1,0:106 11:1 12:1 
8269,1,0:96 11:1 12:1 
8273,1,0:48 11:1 12:1 
8287,1,0:53 11:1 12:1 
8291,1,0:2 11:1 12:1 
8293,1,0:79 11:1 12:1 
8297,1,0:5 11:1 12:1 
8311,1,0:57 11:1 12:1 
8317,1,0:26 11:1 12:1 
8329,1,0:73 11:1 12:1 
8353,1,0:68 11:1 12:1 
8363,1,0:168 11:1 12:1 
8369,1,0:127 11:1 12:1 
8377,1,0:66 11:1 12:1 
8387,1,0:6 11:1 12:1 
8389,1,0:24 11:1 12:1 
8419,1,0:138 11:1 12:1 
8423,1,0:90 11:1 12:1 
8429,1,0:41 11:1 12:1 
8431,1,0:91 11:1 12:1 
8443,1,0:164 11:1 12:1 
8447,1,0:205 11:1 12:1 
8461,1,0:55 11:1 12:1 
8467,1,0:28 11:1 12:1 
8501,1,0:139 11:1 12:1 
8513,1,0:79 11:1 12:1 
8521,1,0:158 11:1 12:1 
8527,1,0:54 11:1 12:1 
8537,1,0:95 11:1 12:1 
8539,1,0:48 11:1 12:1 
8543,1,0:143 11:1 12:1 
8563,1,0:42 11:1 12:1 
8573,1,0:70 11:1 12:1 
8581,1,0:50 11:1 12:1 
8597,1,0:2 11:1 12:1 
8599,1,0:3 11:1 12:1 
8609,1,0:24 11:1 12:1 
8623,1,0:37 11:1 12:1 
8627,1,0:39 11:1 12:1 
8629,1,0:57 11:1 12:1 
8641,1,0:21 11:1 12:1 
8647,1,0:87 11:1 12:1 
8663,1,0:41 11:1 12:1 
8669,1,0:29 11:1 12:1 
8677,1,0:105 11:1 12:1 
8681,1,0:188 11:1 12:1 
8689,1,0:47 11:1 12:1 
8693,1,0:28 11:1 12:1 
8699,1,0:44 11:1 12:1 
8707,1,0:39 11:1 12:1 
8713,1,0:73 11:1 12:1 
8719,1,0:39 11:1 12:1 
8731,1,0:74 11:1 12:1 
8737,1,0:158 11:1 12:1 
8741,1,0:135 11:1 12:1 
8747,1,0:7 11:1 12:1 
8753,1,0:45 11:1 12:1 
8761,1,0:85 11:1 12:1 
8779,1,0:197 11:1 12:1 
8783,1,0:78 11:1 12:1 
8803,1,0:41 11:1 12:1 
8807,1,0:85 11:1 12:1 
8819,1,0:8 11:1 12:1 
8821,1,0:136 11:1 12:1 
8831,1,0:113 11:1 12:1 
8837,1,0:71 11:1 12:1 
8839,1,0:3 11:1 12:1 
8849,1,0:33 11:1 12:1 
8861,1,0:52 11:1 12:1 
8863,1,0:10 11:1 12:1 
8867,1,0:128 11:1 12:1 
8887,1,0:45 11:1 12:1 
8893,1,0:199 11:1 12:1 
8923,1,0:34 11:1 12:1 
8929,1,0:165 11:1 12:1 
8933,1,0:185 11:1 12:1 
8941,1,0:96 11:1 12:1 
8951,1,0:26 11:1 12:1 
8963,1,0:124 11:1 12:1 
8969,1,0:68 11:1 12:1 
8971,1,0:197 11:1 12:1 
8999,1,0:62 11:1 12:1 
9001,1,0:58 11:1 12:1 
9007,1,0:185 11:1 12:1 
9011,1,0:28 11:1 12:1 
9013,1,0:41 11:1 12:1 
9029,1,0:10 11:1 12:1 
9041,1,0:22 11:1 12:1 
9043,1,0:57 11:1 12:1 
9049,1,0:82 11:1 12:1 
9059,1,0:22 11:1 12:1 
9067,1,0:68 11:1 12:1 
9091,1,0:11 11:1 12:1 
9103,1,0:39 11:1 12:1 
9109,1,0:168 11:1 12:1 
9127,1,0:102 11:1 12:1 
9133,1,0:85 11:1 12:1 
9137,1,0:58 11:1 12:1 
9151,1,0:12 11:1 12:1 
9157,1,0:19 11:1 12:1 
9161,1,0:6 11:1 12:1 
9173,1,0:44 11:1 12:1 
9181,1,0:56 11:1 12:1 
9187,1,0:30 11:1 12:1 
9199,1,0:12 11:1 12:1 
9203,1,0:78 11:1 12:1 
9209,1,0:11 11:1 12:1 
9221,1,0:68 11:1 12:1 
9227,1,0:403 11:1 12:1 
9239,1,0:107 11:1 12:1 
9241,1,0:159 11:1 12:1 
9257,1,0:102 11:1 12:1 
9277,1,0:29 11:1 12:1 
9281,1,0:27 11:1 12:1 
9283,1,0:70 11:1 12:1 
9293,1,0:50 11:1 12:1 
9311,1,0:11 11:1 12:1 
9319,1,0:34 11:1 12:1 
9323,1,0:6 11:1 12:1 
9337,1,0:253 11:1 12:1 
9341,1,0:50 11:1 12:1 
9343,1,0:11 11:1 12:1 
9349,1,0:77 11:1 12:1 
9371,1,0:10 11:1 12:1 
9377,1,0:73 11:1 12:1 
9391,1,0:43 11:1 12:1 
9397,1,0:15 11:1 12:1 
9403,1,0:11 11:1 12:1 
9413,1,0:48 11:1 12:1 
9419,1,0:115 11:1 12:1 
9421,1,0:18 11:1 12:1 
9431,1,0:104 11:1 12:1 
9433,1,0:47 11:1 12:1 
9437,1,0:61 11:1 12:1 
9439,1,0:204 11:1 12:1 
9461,1,0:15 11:1 12:1 
9463,1,0:90 11:1 12:1 
9467,1,0:80 11:1 12:1 
9473,1,0:12 11:1 12:1 
9479,1,0:19 11:1 12:1 
9491,1,0:40 11:1 12:1 
9497,1,0:34 11:1 12:1 
9511,1,0:60 11:1 12:1 
9521,1,0:6 11:1 12:1 
9533,1,0:5 11:1 12:1 
9539,1,0:104 11:1 12:1 
9547,1,0:12 11:1 12:1 
9551,1,0:183 11:1 12:1 
9587,1,0:28 11:1 12:1 
9601,1,0:166 11:1 12:1 
9613,1,0:23 11:1 12:1 
9619,1,0:75 11:1 12:1 
9623,1,0:5 11:1 12:1 
9629,1,0:98 11:1 12:1 
9631,1,0:191 11:1 12:1 
9643,1,0:5 11:1 12:1 
9649,1,0:29 11:1 12:1 
9661,1,0:52 11:1 12:1 
9677,1,0:58 11:1 12:1 
9679,1,0:54 11:1 12:1 
9689,1,0:135 11:1 12:1 
9697,1,0:71 11:1 12:1 
9719,1,0:194 11:1 12:1 
9721,1,0:114 11:1 12:1 
9733,1,0:45 11:1 12:1 
9739,1,0:18 11:1 12:1 
9743,1,0:158 11:1 12:1 
9749,1,0:166 11:1 12:1 
9767,1,0:31 11:1 12:1 
9769,1,0:184 11:1 12:1 
9781,1,0:33 11:1 12:1 
9787,1,0:17 11:1 12:1 
9791,1,0:53 11:1 12:1 
9803,1,0:24 11:1 12:1 
9811,1,0:18 11:1 12:1 
9817,1,0:10 11:1 12:1 
9829,1,0:14 11:1 12:1 
9833,1,0:10 11:1 12:1 
9839,1,0:43 11:1 12:1 
9851,1,0:217 11:1 12:1 
9857,1,0:39 11:1 12:1 
9859,1,0:11 11:1 12:1 
9871,1,0:29 11:1 12:1 
9883,1,0:72 11:1 12:1 
9887,1,0:142 11:1 12:1 
9901,1,0:85 11:1 12:1 
9907,1,0:41 11:1 12:1 
9923,1,0:139 11:1 12:1 
9929,1,0:12 11:1 12:1 
9931,1,0:57 11:1 12:1 
9941,1,0:8 11:1 12:1 
9949,1,0:130 11:1 12:1 
9967,1,0:10 11:1 12:1 
9973,1,0:68 11:1 12:1 
10007,1,0:5 11:1 12:1 
10009,1,0:31 11:1 12:1 
10037,1,0:43 11:1 12:1 
10039,1,0:93 11:1 12:1 
10061,1,0:60 11:1 12:1 
10067,1,0:15 11:1 12:1 
10069,1,0:35 11:1 12:1 
10079,1,0:123 11:1 12:1 
10091,1,0:370 11:1 12:1 
10093,1,0:15 11:1 12:1 
10099,1,0:220 11:1 12:1 
10103,1,0:61 11:1 12:1 
10111,1,0:166 11:1 12:1 
10133,1,0:141 11:1 12:1 
10139,1,0:14 11:1 12:1 
10141,1,0:33 11:1 12:1 
10151,1,0:26 11:1 12:1 
10159,1,0:66 11:1 12:1 
10163,1,0:46 11:1 12:1 
10169,1,0:158 11:1 12:1 
10177,1,0:86 11:1 12:1 
10181,1,0:117 11:1 12:1 
10193,1,0:275 11:1 12:1 
10211,1,0:101 11:1 12:1 
10223,1,0:34 11:1 12:1 
10243,1,0:38 11:1 12:1 
10247,1,0:10 11:1 12:1 
10253,1,0:8 11:1 12:1 
10259,1,0:30 11:1 12:1 
10267,1,0:59 11:1 12:1 
10271,1,0:37 11:1 12:1 
10273,1,0:10 11:1 12:1 
10289,1,0:77 11:1 12:1 
10301,1,0:82 11:1 12:1 
10303,1,0:53 11:1 12:1 
10313,1,0:6 11:1 12:1 
10321,1,0:116 11:1 12:1 
10331,1,0:37 11:1 12:1 
10333,1,0:52 11:1 12:1 
10337,1,0:24 11:1 12:1 
10343,1,0:30 11:1 12:1 
10357,1,0:65 11:1 12:1 
10369,1,0:23 11:1 12:1 
10391,1,0:71 11:1 12:1 
10399,1,0:55 11:1 12:1 
10427,1,0:17 11:1 12:1 
10429,1,0:29 11:1 12:1 
10433,1,0:139 11:1 12:1 
10453,1,0:24 11:1 12:1 
10457,1,0:13 11:1 12:1 
10459,1,0:42 11:1 12:1 
10463,1,0:137 11:1 12:1 
10477,1,0:320 11:1 12:1 
10487,1,0:62 11:1 12:1 
10499,1,0:8 11:1 12:1 
10501,1,0:56 11:1 12:1 
10513,1,0:61 11:1 12:1 
10529,1,0:135 11:1 12:1 
10531,1,0:10 11:1 12:1 
10559,1,0:53 11:1 12:1 
10567,1,0:29 11:1 12:1 
10589,1,0:66 11:1 12:1 
10597,1,0:80 11:1 12:1 
10601,1,0:37 11:1 12:1 
10607,1,0:67 11:1 12:1 
10613,1,0:41 11:1 12:1 
10627,1,0:13 11:1 12:1 
10631,1,0:41 11:1 12:1 
10639,1,0:87 11:1 12:1 
10651,1,0:37 11:1 12:1 
10657,1,0:61 11:1 12:1 
10663,1,0:155 11:1 12:1 
10667,1,0:60 11:1 12:1 
10687,1,0:17 11:1 12:1 
10691,1,0:128 11:1 12:1 
10709,1,0:156 11:1 12:1 
10711,1,0:35 11:1 12:1 
10723,1,0:3 11:1 12:1 
10729,1,0:14 11:1 12:1 
10733,1,0:80 11:1 12:1 
10739,1,0:68 11:1 12:1 
10753,1,0:13 11:1 12:1 
10771,1,0:201 11:1 12:1 
10781,1,0:109 11:1 12:1 
10789,1,0:101 11:1 12:1 
10799,1,0:43 11:1 12:1 
10831,1,0:12 11:1 12:1 
10837,1,0:20 11:1 12:1 
10847,1,0:10 11:1 12:1 
10853,1,0:32 11:1 12:1 
10859,1,0:146 11:1 12:1 
10861,1,0:86 11:1 12:1 
10867,1,0:46 11:1 12:1 
10883,1,0:15 11:1 12:1 
10889,1,0:22 11:1 12:1 
10891,1,0:44 11:1 12:1 
10903,1,0:150 11:1 12:1 
10909,1,0:44 11:1 12:1 
10937,1,0:3 11:1 12:1 
10939,1,0:187 11:1 12:1 
10949,1,0:10 11:1 12:1 
10957,1,0:190 11:1 12:1 
10973,1,0:2 11:1 12:1 
10979,1,0:18 11:1 12:1 
10987,1,0:19 11:1 12:1 
10993,1,0:60 11:1 12:1 
11003,1,0:73 11:1 12:1 
11027,1,0:65 11:1 12:1 
11047,1,0:11 11:1 12:1 
11057,1,0:136 11:1 12:1 
11059,1,0:15 11:1 12:1 
11069,1,0:70 11:1 12:1 
11071,1,0:30 11:1 12:1 
11083,1,0:162 11:1 12:1 
11087,1,0:165 11:1 12:1 
11093,1,0:122 11:1 12:1 
11113,1,0:39 11:1 12:1 
11117,1,0:19 11:1 12:1 
11119,1,0:344 11:1 12:1 
11131,1,0:2 11:1 12:1 
11149,1,0:123 11:1 12:1 
11159,1,0:111 11:1 12:1 
11161,1,0:111 11:1 12:1 
11171,1,0:67 11:1 12:1 
11173,1,0:106 11:1 12:1 
11177,1,0:48 11:1 12:1 
11197,1,0:143 11:1 12:1 
11213,1,0:5 11:1 12:1 
11239,1,0:208 11:1 12:1 
11243,1,0:15 11:1 12:1 
11251,1,0:98 11:1 12:1 
11257,1,0:173 11:1 12:1 
11261,1,0:61 11:1 12:1 
11273,1,0:20 11:1 12:1 
11279,1,0:46 11:1 12:1 
11287,1,0:38 11:1 12:1 
11299,1,0:75 11:1 12:1 
11311,1,0:11 11:1 12:1 
11317,1,0:88 11:1 12:1 
11321,1,0:6 11:1 12:1 
11329,1,0:305 11:1 12:1 
11351,1,0:26 11:1 12:1 
11353,1,0:34 11:1 12:1 
11369,1,0:111 11:1 12:1 
11383,1,0:13 11:1 12:1 
11393,1,0:5 11:1 12:1 
11399,1,0:44 11:1 12:1 
11411,1,0:102 11:1 12:1 
11423,1,0:67 11:1 12:1 
11437,1,0:46 11:1 12:1 
11443,1,0:31 11:1 12:1 
11447,1,0:45 11:1 12:1 
11467,1,0:30 11:1 12:1 
11471,1,0:146 11:1 12:1 
11483,1,0:15 11:1 12:1 
11489,1,0:19 11:1 12:1 
11491,1,0:193 11:1 12:1 
11497,1,0:10 11:1 12:1 
11503,1,0:3 11:1 12:1 
11519,1,0:14 11:1 12:1 
11527,1,0:110 11:1 12:1 
11549,1,0:71 11:1 12:1 
11551,1,0:28 11:1 12:1 
11579,1,0:7 11:1 12:1 
11587,1,0:28 11:1 12:1 
11593,1,0:94 11:1 12:1 
11597,1,0:26 11:1 12:1 
11617,1,0:172 11:1 12:1 
11621,1,0:8 11:1 12:1 
11633,1,0:150 11:1 12:1 
11657,1,0:20 11:1 12:1 
11677,1,0:44 11:1 12:1 
11681,1,0:101 11:1 12:1 
11689,1,0:89 11:1 12:1 
11699,1,0:51 11:1 12:1 
11701,1,0:54 11:1 12:1 
11717,1,0:51 11:1 12:1 
11719,1,0:12 11:1 12:1 
11731,1,0:174 11:1 12:1 
11743,1,0:10 11:1 12:1 
11777,1,0:29 11:1 12:1 
11779,1,0:61 11:1 12:1 
11783,1,0:7 11:1 12:1 
11789,1,0:66 11:1 12:1 
11801,1,0:38 11:1 12:1 
11807,1,0:140 11:1 12:1 
11813,1,0:80 11:1 12:1 
11821,1,0:54 11:1 12:1 
11827,1,0:199 11:1 12:1 
11831,1,0:23 11:1 12:1 
11833,1,0:181 11:1 12:1 
11839,1,0:62 11:1 12:1 
11863,1,0:59 11:1 12:1 
11867,1,0:32 11:1 12:1 
11887,1,0:14 11:1 12:1 
11897,1,0:84 11:1 12:1 
11903,1,0:151 11:1 12:1 
11909,1,0:41 11:1 12:1 
11923,1,0:57 11:1 12:1 
11927,1,0:26 11:1 12:1 
11933,1,0:22 11:1 12:1 
11939,1,0:105 11:1 12:1 
11941,1,0:13 11:1 12:1 
11953,1,0:10 11:1 12:1 
11959,1,0:66 11:1 12:1 
11969,1,0:3 11:1 12:1 
11971,1,0:99 11:1 12:1 
11981,1,0:18 11:1 12:1 
11987,1,0:47 11:1 12:1 
12007,1,0:62 11:1 12:1 
12011,1,0:101 11:1 12:1 
12037,1,0:96 11:1 12:1 
12041,1,0:75 11:1 12:1 
12043,1,0:18 11:1 12:1 
12049,1,0:143 11:1 12:1 
12071,1,0:86 11:1 12:1 
12073,1,0:44 11:1 12:1 
12097,1,0:26 11:1 12:1 
12101,1,0:42 11:1 12:1 
12107,1,0:180 11:1 12:1 
12109,1,0:149 11:1 12:1 
12113,1,0:22 11:1 12:1 
12119,1,0:95 11:1 12:1 
12143,1,0:58 11:1 12:1 
12149,1,0:113 11:1 12:1 
12157,1,0:72 11:1 12:1 
12161,1,0:176 11:1 12:1 
12163,1,0:47 11:1 12:1 
12197,1,0:55 11:1 12:1 
12203,1,0:7 11:1 12:1 
12211,1,0:128 11:1 12:1 
12227,1,0:60 11:1 12:1 
12239,1,0:59 11:1 12:1 
12241,1,0:31 11:1 12:1 
12251,1,0:73 11:1 12:1 
12253,1,0:6 11:1 12:1 
12263,1,0:62 11:1 12:1 
12269,1,0:23 11:1 12:1 
12277,1,0:22 11:1 12:1 
12281,1,0:33 11:1 12:1 
12289,1,0:23 11:1 12:1 
12301,1,0:30 11:1 12:1 
12323,1,0:93 11:1 12:1 
12329,1,0:157 11:1 12:1 
12343,1,0:134 11:1 12:1 
12347,1,0:185 11:1 12:1 
12373,1,0:68 11:1 12:1 
12377,1,0:10 11:1 12:1 
12379,1,0:46 11:1 12:1 
12391,1,0:52 11:1 12:1 
12401,1,0:54 11:1 12:1 
12409,1,0:35 11:1 12:1 
12413,1,0:272 11:1 12:1 
12421,1,0:208 11:1 12:1 
12433,1,0:97 11:1 12:1 
12437,1,0:91 11:1 12:1 
12451,1,0:105 11:1 12:1 
12457,1,0:80 11:1 12:1 
12473,1,0:111 11:1 12:1 
12479,1,0:61 11:1 12:1 
12487,1,0:47 11:1 12:1 
12491,1,0:91 11:1 12:1 
12497,1,0:515 11:1 12:1 
12503,1,0:53 11:1 12:1 
12511,1,0:55 11:1 12:1 
12517,1,0:13 11:1 12:1 
12527,1,0:28 11:1 12:1 
12539,1,0:51 11:1 12:1 
12541,1,0:127 11:1 12:1 
12547,1,0:52 11:1 12:1 
12553,1,0:31 11:1 12:1 
12569,1,0:22 11:1 12:1 
12577,1,0:145 11:1 12:1 
12583,1,0:67 11:1 12:1 
12589,1,0:22 11:1 12:1 
12601,1,0:87 11:1 12:1 
12611,1,0:26 11:1 12:1 
12613,1,0:86 11:1 12:1 
12619,1,0:48 11:1 12:1 
12637,1,0:55 11:1 12:1 
12641,1,0:23 11:1 12:1 
12647,1,0:15 11:1 12:1 
12653,1,0:111 11:1 12:1 
12659,1,0:32 11:1 12:1 
12671,1,0:152 11:1 12:1 
12689,1,0:27 11:1 12:1 
12697,1,0:60 11:1 12:1 
12703,1,0:12 11:1 12:1 
12713,1,0:24 11:1 12:1 
12721,1,0:116 11:1 12:1 
12739,1,0:146 11:1 12:1 
12743,1,0:22 11:1 12:1 
12757,1,0:11 11:1 12:1 
12763,1,0:32 11:1 12:1 
12781,1,0:89 11:1 12:1 
12791,1,0:34 11:1 12:1 
12799,1,0:57 11:1 12:1 
12809,1,0:19 11:1 12:1 
12821,1,0:14 11:1 12:1 
12823,1,0:10 11:1 12:1 
12829,1,0:18 11:1 12:1 
12841,1,0:59 11:1 12:1 
12853,1,0:22 11:1 12:1 
12889,1,0:117 11:1 12:1 
12893,1,0:132 11:1 12:1 
12899,1,0:26 11:1 12:1 
12907,1,0:35 11:1 12:1 
12911,1,0:146 11:1 12:1 
12917,1,0:68 11:1 12:1 
12919,1,0:75 11:1 12:1 
12923,1,0:91 11:1 12:1 
12941,1,0:28 11:1 12:1 
12953,1,0:13 11:1 12:1 
12959,1,0:63 11:1 12:1 
12967,1,0:40 11:1 12:1 
12973,1,0:43 11:1 12:1 
12979,1,0:162 11:1 12:1 
12983,1,0:82 11:1 12:1 
13001,1,0:44 11:1 12:1 
13003,1,0:66 11:1 12:1 
13007,1,0:86 11:1 12:1 
13009,1,0:103 11:1 12:1 
13033,1,0:90 11:1 12:1 
13037,1,0:30 11:1 12:1 
13043,1,0:15 11:1 12:1 
13049,1,0:38 11:1 12:1 
13063,1,0:57 11:1 12:1 
13093,1,0:60 11:1 12:1 
13099,1,0:3 11:1 12:1 
13103,1,0:30 11:1 12:1 
13109,1,0:10 11:1 12:1 
13121,1,0:37 11:1 12:1 
13127,1,0:74 11:1 12:1 
13147,1,0:59 11:1 12:1 
13151,1,0:26 11:1 12:1 
13159,1,0:21 11:1 12:1 
13163,1,0:2 11:1 12:1 
13171,1,0:50 11:1 12:1 
13177,1,0:10 11:1 12:1 
13183,1,0:11 11:1 12:1 
13187,1,0:68 11:1 12:1 
13217,1,0:3 11:1 12:1 
13219,1,0:21 11:1 12:1 
13229,1,0:11 11:1 12:1 
13241,1,0:22 11:1 12:1 
13249,1,0:129 11:1 12:1 
13259,1,0:30 11:1 12:1 
13267,1,0:42 11:1 12:1 
13291,1,0:66 11:1 12:1 
13297,1,0:20 11:1 12:1 
13309,1,0:24 11:1 12:1 
13313,1,0:204 11:1 12:1 
13327,1,0:51 11:1 12:1 
13331,1,0:70 11:1 12:1 
13337,1,0:38 11:1 12:1 
13339,1,0:67 11:1 12:1 
13367,1,0:21 11:1 12:1 
13381,1,0:24 11:1 12:1 
13397,1,0:85 11:1 12:1 
13399,1,0:78 11:1 12:1 
13411,1,0:3 11:1 12:1 
13417,1,0:135 11:1 12:1 
13421,1,0:56 11:1 12:1 
13441,1,0:33 11:1 12:1 
13451,1,0:46 11:1 12:1 
13457,1,0:40 11:1 12:1 
13463,1,0:40 11:1 12:1 
13469,1,0:58 11:1 12:1 
13477,1,0:31 11:1 12:1 
13487,1,0:10 11:1 12:1 
13499,1,0:14 11:1 12:1 
13513,1,0:20 11:1 12:1 
13523,1,0:168 11:1 12:1 
13537,1,0:11 11:1 12:1 
13553,1,0:71 11:1 12:1 
13567,1,0:24 11:1 12:1 
13577,1,0:52 11:1 12:1 
13591,1,0:53 11:1 12:1 
13597,1,0:51 11:1 12:1 
13613,1,0:2 11:1 12:1 
13619,1,0:44 11:1 12:1 
13627,1,0:29 11:1 12:1 
13633,1,0:85 11:1 12:1 
13649,1,0:29 11:1 12:1 
13669,1,0:30 11:1 12:1 
13679,1,0:28 11:1 12:1 
13681,1,0:46 11:1 12:1 
13687,1,0:6 11:1 12:1 
13691,1,0:2 11:1 12:1 
13693,1,0:15 11:1 12:1 
13697,1,0:147 11:1 12:1 
13709,1,0:53 11:1 12:1 
13711,1,0:11 11:1 12:1 
13721,1,0:130 11:1 12:1 
13723,1,0:19 11:1 12:1 
13729,1,0:111 11:1 12:1 
13751,1,0:62 11:1 12:1 
13757,1,0:69 11:1 12:1 
13759,1,0:30 11:1 12:1 
13763,1,0:63 11:1 12:1 
13781,1,0:75 11:1 12:1 
13789,1,0:19 11:1 12:1 
13799,1,0:26 11:1 12:1 
13807,1,0:29 11:1 12:1 
13829,1,0:101 11:1 12:1 
13831,1,0:103 11:1 12:1 
13841,1,0:48 11:1 12:1 
13859,1,0:73 11:1 12:1 
13873,1,0:80 11:1 12:1 
13877,1,0:8 11:1 12:1 
13879,1,0:48 11:1 12:1 
13883,1,0:20 11:1 12:1 
13901,1,0:44 11:1 12:1 
13903,1,0:34 11:1 12:1 
13907,1,0:128 11:1 12:1 
13913,1,0:75 11:1 12:1 
13921,1,0:126 11:1 12:1 
13931,1,0:72 11:1 12:1 
13933,1,0:44 11:1 12:1 
13963,1,0:107 11:1 12:1 
13967,1,0:5 11:1 12:1 
13997,1,0:19 11:1 12:1 
13999,1,0:158 11:1 12:1 
14009,1,0:69 11:1 12:1 
14011,1,0:23 11:1 12:1 
14029,1,0:123 11:1 12:1 
14033,1,0:12 11:1 12:1 
14051,1,0:30 11:1 12:1 
14057,1,0:21 11:1 12:1 
14071,1,0:23 11:1 12:1 
14081,1,0:38 11:1 12:1 
14083,1,0:18 11:1 12:1 
14087,1,0:17 11:1 12:1 
14107,1,0:12 11:1 12:1 
14143,1,0:54 11:1 12:1 
14149,1,0:70 11:1 12:1 
14153,1,0:96 11:1 12:1 
14159,1,0:130 11:1 12:1 
14173,1,0:6 11:1 12:1 
14177,1,0:24 11:1 12:1 
14197,1,0:42 11:1 12:1 
14207,1,0:26 11:1 12:1 
14221,1,0:130 11:1 12:1 
14243,1,0:67 11:1 12:1 
14249,1,0:210 11:1 12:1 
14251,1,0:3 11:1 12:1 
14281,1,0:82 11:1 12:1 
14293,1,0:15 11:1 12:1 
14303,1,0:21 11:1 12:1 
14321,1,0:41 11:1 12:1 
14323,1,0:107 11:1 12:1 
14327,1,0:37 11:1 12:1 
14341,1,0:46 11:1 12:1 
14347,1,0:151 11:1 12:1 
14369,1,0:66 11:1 12:1 
14387,1,0:43 11:1 12:1 
14389,1,0:40 11:1 12:1 
14401,1,0:55 11:1 12:1 
14407,1,0:94 11:1 12:1 
14411,1,0:6 11:1 12:1 
14419,1,0:18 11:1 12:1 
14423,1,0:5 11:1 12:1 
14431,1,0:159 11:1 12:1 
14437,1,0:264 11:1 12:1 
14447,1,0:15 11:1 12:1 
14449,1,0:209 11:1 12:1 
14461,1,0:7 11:1 12:1 
14479,1,0:3 11:1 12:1 
14489,1,0:99 11:1 12:1 
14503,1,0:35 11:1 12:1 
14519,1,0:74 11:1 12:1 
14533,1,0:174 11:1 12:1 
14537,1,0:12 11:1 12:1 
14543,1,0:21 11:1 12:1 
14549,1,0:28 11:1 12:1 
14551,1,0:22 11:1 12:1 
14557,1,0:128 11:1 12:1 
14561,1,0:149 11:1 12:1 
14563,1,0:22 11:1 12:1 
14591,1,0:39 11:1 12:1 
14593,1,0:37 11:1 12:1 
14621,1,0:44 11:1 12:1 
14627,1,0:22 11:1 12:1 
14629,1,0:79 11:1 12:1 
14633,1,0:123 11:1 12:1 
14639,1,0:84 11:1 12:1 
14653,1,0:45 11:1 12:1 
14657,1,0:148 11:1 12:1 
14669,1,0:98 11:1 12:1 
14683,1,0:28 11:1 12:1 
14699,1,0:32 11:1 12:1 
14713,1,0:53 11:1 12:1 
14717,1,0:11 11:1 12:1 
14723,1,0:19 11:1 12:1 
14731,1,0:52 11:1 12:1 
14737,1,0:173 11:1 12:1 
14741,1,0:7 11:1 12:1 
14747,1,0:32 11:1 12:1 
14753,1,0:5 11:1 12:1 
14759,1,0:47 11:1 12:1 
14767,1,0:6 11:1 12:1 
14771,1,0:30 11:1 12:1 
14779,1,0:35 11:1 12:1 
14783,1,0:74 11:1 12:1 
14797,1,0:7 11:1 12:1 
14813,1,0:99 11:1 12:1 
14821,1,0:6 11:1 12:1 
14827,1,0:28 11:1 12:1 
14831,1,0:13 11:1 12:1 
14843,1,0:85 11:1 12:1 
14851,1,0:112 11:1 12:1 
14867,1,0:8 11:1 12:1 
14869,1,0:50 11:1 12:1 
14879,1,0:29 11:1 12:1 
14887,1,0:124 11:1 12:1 
14891,1,0:87 11:1 12:1 
14897,1,0:43 11:1 12:1 
14923,1,0:226 11:1 12:1 
14929,1,0:296 11:1 12:1 
14939,1,0:52 11:1 12:1 
14947,1,0:45 11:1 12:1 
14951,1,0:83 11:1 12:1 
14957,1,0:27 11:1 12:1 
14969,1,0:6 11:1 12:1 
14983,1,0:29 11:1 12:1 
15013,1,0:58 11:1 12:1 
15017,1,0:3 11:1 12:1 
15031,1,0:136 11:1 12:1 
15053,1,0:59 11:1 12:1 
15061,1,0:90 11:1 12:1 
15073,1,0:15 11:1 12:1 
15077,1,0:110 11:1 12:1 
15083,1,0:19 11:1 12:1 
15091,1,0:85 11:1 12:1 
15101,1,0:15 11:1 12:1 
15107,1,0:17 11:1 12:1 
15121,1,0:43 11:1 12:1 
15131,1,0:63 11:1 12:1 
15137,1,0:17 11:1 12:1 
15139,1,0:15 11:1 12:1 
15149,1,0:71 11:1 12:1 
15161,1,0:17 11:1 12:1 
15173,1,0:14 11:1 12:1 
15187,1,0:69 11:1 12:1 
15193,1,0:20 11:1 12:1 
15199,1,0:328 11:1 12:1 
15217,1,0:39 11:1 12:1 
15227,1,0:94 11:1 12:1 
15233,1,0:61 11:1 12:1 
15241,1,0:163 11:1 12:1 
15259,1,0:124 11:1 12:1 
15263,1,0:133 11:1 12:1 
15269,1,0:53 11:1 12:1 
15271,1,0:39 11:1 12:1 
15277,1,0:18 11:1 12:1 
15287,1,0:222 11:1 12:1 
15289,1,0:55 11:1 12:1 
15299,1,0:102 11:1 12:1 
15307,1,0:62 11:1 12:1 
15313,1,0:180 11:1 12:1 
15319,1,0:23 11:1 12:1 
15329,1,0:62 11:1 12:1 
15331,1,0:35 11:1 12:1 
15349,1,0:28 11:1 12:1 
15359,1,0:35 11:1 12:1 
15361,1,0:13 11:1 12:1 
15373,1,0:6 11:1 12:1 
15377,1,0:6 11:1 12:1 
15383,1,0:15 11:1 12:1 
15391,1,0:79 11:1 12:1 
15401,1,0:111 11:1 12:1 
15413,1,0:57 11:1 12:1 
15427,1,0:12 11:1 12:1 
15439,1,0:287 11:1 12:1 
15443,1,0:17 11:1 12:1 
15451,1,0:42 11:1 12:1 
15461,1,0:26 11:1 12:1 
15467,1,0:6 11:1 12:1 
15473,1,0:11 11:1 12:1 
15493,1,0:82 11:1 12:1 
15497,1,0:34 11:1 12:1 
15511,1,0:41 11:1 12:1 
15527,1,0:76 11:1 12:1 
15541,1,0:54 11:1 12:1 
15551,1,0:23 11:1 12:1 
15559,1,0:6 11:1 12:1 
15569,1,0:12 11:1 12:1 
15581,1,0:22 11:1 12:1 
15583,1,0:54 11:1 12:1 
15601,1,0:35 11:1 12:1 
15607,1,0:26 11:1 12:1 
15619,1,0:60 11:1 12:1 
15629,1,0:73 11:1 12:1 
15641,1,0:142 11:1 12:1 
15643,1,0:19 11:1 12:1 
15647,1,0:21 11:1 12:1 
15649,1,0:166 11:1 12:1 
15661,1,0:30 11:1 12:1 
15667,1,0:154 11:1 12:1 
15671,1,0:89 11:1 12:1 
15679,1,0:99 11:1 12:1 
15683,1,0:15 11:1 12:1 
15727,1,0:41 11:1 12:1 
15731,1,0:31 11:1 12:1 
15733,1,0:38 11:1 12:1 
15737,1,0:44 11:1 12:1 
15739,1,0:126 11:1 12:1 
15749,1,0:62 11:1 12:1 
15761,1,0:13 11:1 12:1 
15767,1,0:46 11:1 12:1 
15773,1,0:98 11:1 12:1 
15787,1,0:3 11:1 12:1 
15791,1,0:259 11:1 12:1 
15797,1,0:53 11:1 12:1 
15803,1,0:20 11:1 12:1 
15809,1,0:120 11:1 12:1 
15817,1,0:51 11:1 12:1 
15823,1,0:3 11:1 12:1 
15859,1,0:94 11:1 12:1 
15877,1,0:24 11:1 12:1 
15881,1,0:6 11:1 12:1 
15887,1,0:139 11:1 12:1 
15889,1,0:61 11:1 12:1 
15901,1,0:42 11:1 12:1 
15907,1,0:211 11:1 12:1 
15913,1,0:205 11:1 12:1 
15919,1,0:17 11:1 12:1 
15923,1,0:124 11:1 12:1 
15937,1,0:7 11:1 12:1 
15959,1,0:62 11:1 12:1 
15971,1,0:10 11:1 12:1 
15973,1,0:41 11:1 12:1 
15991,1,0:15 11:1 12:1 
16001,1,0:27 11:1 12:1 
16007,1,0:37 11:1 12:1 
16033,1,0:90 11:1 12:1 
16057,1,0:129 11:1 12:1 
16061,1,0:152 11:1 12:1 
16063,1,0:79 11:1 12:1 
16067,1,0:6 11:1 12:1 
16069,1,0:66 11:1 12:1 
16073,1,0:24 11:1 12:1 
16087,1,0:96 11:1 12:1 
16091,1,0:19 11:1 12:1 
16097,1,0:20 11:1 12:1 
16103,1,0:46 11:1 12:1 
16111,1,0:187 11:1 12:1 
16127,1,0:10 11:1 12:1 
16139,1,0:63 11:1 12:1 
16141,1,0:105 11:1 12:1 
16183,1,0:3 11:1 12:1 
16187,1,0:230 11:1 12:1 
16189,1,0:73 11:1 12:1 
16193,1,0:206 11:1 12:1 
16217,1,0:75 11:1 12:1 
16223,1,0:45 11:1 12:1 
16229,1,0:41 11:1 12:1 
16231,1,0:89 11:1 12:1 
16249,1,0:191 11:1 12:1 
16253,1,0:42 11:1 12:1 
16267,1,0:48 11:1 12:1 
16273,1,0:14 11:1 12:1 
16301,1,0:72 11:1 12:1 
16319,1,0:493 11:1 12:1 
16333,1,0:66 11:1 12:1 
16339,1,0:35 11:1 12:1 
16349,1,0:22 11:1 12:1 
16361,1,0:89 11:1 12:1 
16363,1,0:53 11:1 12:1 
16369,1,0:104 11:1 12:1 
16381,1,0:94 11:1 12:1 
16411,1,0:190 11:1 12:1 
16417,1,0:330 11:1 12:1 
16421,1,0:118 11:1 12:1 
16427,1,0:39 11:1 12:1 
16433,1,0:29 11:1 12:1 
16447,1,0:57 11:1 12:1 
16451,1,0:19 11:1 12:1 
16453,1,0:5 11:1 12:1 
16477,1,0:11 11:1 12:1 
16481,1,0:87 11:1 12:1 
16487,1,0:34 11:1 12:1 
16493,1,0:47 11:1 12:1 
16519,1,0:146 11:1 12:1 
16529,1,0:62 11:1 12:1 
16547,1,0:51 11:1 12:1 
16553,1,0:10 11:1 12:1 
16561,1,0:99 11:1 12:1 
16567,1,0:235 11:1 12:1 
16573,1,0:47 11:1 12:1 
16603,1,0:52 11:1 12:1 
16607,1,0:40 11:1 12:1 
16619,1,0:53 11:1 12:1 
16631,1,0:123 11:1 12:1 
16633,1,0:637 11:1 12:1 
16649,1,0:114 11:1 12:1 
16651,1,0:14 11:1 12:1 
16657,1,0:19 11:1 12:1 
16661,1,0:59 11:1 12:1 
16673,1,0:86 11:1 12:1 
16691,1,0:17 11:1 12:1 
16693,1,0:15 11:1 12:1 
16699,1,0:42 11:1 12:1 
16703,1,0:145 11:1 12:1 
16729,1,0:42 11:1 12:1 
16741,1,0:40 11:1 12:1 
16747,1,0:34 11:1 12:1 
16759,1,0:374 11:1 12:1 
16763,1,0:55 11:1 12:1 
16787,1,0:33 11:1 12:1 
16811,1,0:102 11:1 12:1 
16823,1,0:197 11:1 12:1 
16829,1,0:87 11:1 12:1 
16831,1,0:59 11:1 12:1 
16843,1,0:28 11:1 12:1 
16871,1,0:138 11:1 12:1 
16879,1,0:43 11:1 12:1 
16883,1,0:187 11:1 12:1 
16889,1,0:24 11:1 12:1 
16901,1,0:7 11:1 12:1 
16903,1,0:59 11:1 12:1 
16921,1,0:233 11:1 12:1 
16927,1,0:22 11:1 12:1 
16931,1,0:31 11:1 12:1 
16937,1,0:21 11:1 12:1 
16943,1,0:34 11:1 12:1 
16963,1,0:37 11:1 12:1 
16979,1,0:73 11:1 12:1 
16981,1,0:78 11:1 12:1 
16987,1,0:98 11:1 12:1 
16993,1,0:67 11:1 12:1 
17011,1,0:78 11:1 12:1 
17021,1,0:70 11:1 12:1 
17027,1,0:50 11:1 12:1 
17029,1,0:68 11:1 12:1 
17033,1,0:10 11:1 12:1 
17041,1,0:22 11:1 12:1 
17047,1,0:40 11:1 12:1 
17053,1,0:32 11:1 12:1 
17077,1,0:57 11:1 12:1 
17093,1,0:72 11:1 12:1 
17099,1,0:85 11:1 12:1 
17107,1,0:20 11:1 12:1 
17117,1,0:57 11:1 12:1 
17123,1,0:6 11:1 12:1 
17137,1,0:57 11:1 12:1 
17159,1,0:168 11:1 12:1 
17167,1,0:168 11:1 12:1 
17183,1,0:111 11:1 12:1 
17189,1,0:76 11:1 12:1 
17191,1,0:6 11:1 12:1 
17203,1,0:20 11:1 12:1 
17207,1,0:106 11:1 12:1 
17209,1,0:61 11:1 12:1 
17231,1,0:267 11:1 12:1 
17239,1,0:94 11:1 12:1 
17257,1,0:15 11:1 12:1 
17291,1,0:40 11:1 12:1 
17293,1,0:137 11:1 12:1 
17299,1,0:153 11:1 12:1 
17317,1,0:58 11:1 12:1 
17321,1,0:63 11:1 12:1 
17327,1,0:86 11:1 12:1 
17333,1,0:87 11:1 12:1 
17341,1,0:73 11:1 12:1 
17351,1,0:47 11:1 12:1 
17359,1,0:6 11:1 12:1 
17377,1,0:127 11:1 12:1 
17383,1,0:165 11:1 12:1 
17387,1,0:50 11:1 12:1 
17389,1,0:66 11:1 12:1 
17393,1,0:56 11:1 12:1 
17401,1,0:13 11:1 12:1 
17417,1,0:40 11:1 12:1 
17419,1,0:10 11:1 12:1 
17431,1,0:68 11:1 12:1 
17443,1,0:12 11:1 12:1 
17449,1,0:74 11:1 12:1 
17467,1,0:83 11:1 12:1 
17471,1,0:178 11:1 12:1 
17477,1,0:43 11:1 12:1 
17483,1,0:146 11:1 12:1 
17489,1,0:27 11:1 12:1 
17491,1,0:12 11:1 12:1 
17497,1,0:116 11:1 12:1 
17509,1,0:58 11:1 12:1 
17519,1,0:41 11:1 12:1 
17539,1,0:152 11:1 12:1 
17551,1,0:7 11:1 12:1 
17569,1,0:23 11:1 12:1 
17573,1,0:105 11:1 12:1 
17579,1,0:7 11:1 12:1 
17581,1,0:101 11:1 12:1 
17597,1,0:5 11:1 12:1 
17599,1,0:59 11:1 12:1 
17609,1,0:207 11:1 12:1 
17623,1,0:112 11:1 12:1 
17627,1,0:20 11:1 12:1 
17657,1,0:5 11:1 12:1 
17659,1,0:31 11:1 12:1 
17669,1,0:240 11:1 12:1 
17681,1,0:30 11:1 12:1 
17683,1,0:43 11:1 12:1 
17707,1,0:17 11:1 12:1 
17713,1,0:30 11:1 12:1 
17729,1,0:19 11:1 12:1 
17737,1,0:52 11:1 12:1 
17747,1,0:199 11:1 12:1 
17749,1,0:128 11:1 12:1 
17761,1,0:23 11:1 12:1 
17783,1,0:141 11:1 12:1 
17789,1,0:12 11:1 12:1 
17791,1,0:83 11:1 12:1 
17807,1,0:123 11:1 12:1 
17827,1,0:3 11:1 12:1 
17837,1,0:279 11:1 12:1 
17839,1,0:6 11:1 12:1 
17851,1,0:13 11:1 12:1 
17863,1,0:80 11:1 12:1 
17881,1,0:189 11:1 12:1 
17891,1,0:24 11:1 12:1 
17903,1,0:30 11:1 12:1 
17909,1,0:32 11:1 12:1 
17911,1,0:24 11:1 12:1 
17921,1,0:27 11:1 12:1 
17923,1,0:50 11:1 12:1 
17929,1,0:248 11:1 12:1 
17939,1,0:62 11:1 12:1 
17957,1,0:381 11:1 12:1 
17959,1,0:30 11:1 12:1 
17971,1,0:15 11:1 12:1 
17977,1,0:20 11:1 12:1 
17981,1,0:50 11:1 12:1 
17987,1,0:143 11:1 12:1 
17989,1,0:217 11:1 12:1 
18013,1,0:24 11:1 12:1 
18041,1,0:129 11:1 12:1 
18043,1,0:105 11:1 12:1 
18047,1,0:14 11:1 12:1 
18049,1,0:59 11:1 12:1 
18059,1,0:17 11:1 12:1 
18061,1,0:11 11:1 12:1 
18077,1,0:33 11:1 12:1 
18089,1,0:24 11:1 12:1 
18097,1,0:35 11:1 12:1 
18119,1,0:61 11:1 12:1 
18121,1,0:124 11:1 12:1 
18127,1,0:3 11:1 12:1 
18131,1,0:248 11:1 12:1 
18133,1,0:114 11:1 12:1 
18143,1,0:10 11:1 12:1 
18149,1,0:15 11:1 12:1 
18169,1,0:29 11:1 12:1 
18181,1,0:2 11:1 12:1 
18191,1,0:214 11:1 12:1 
18199,1,0:42 11:1 12:1 
18211,1,0:95 11:1 12:1 
18217,1,0:388 11:1 12:1 
18223,1,0:237 11:1 12:1 
18229,1,0:258 11:1 12:1 
18233,1,0:46 11:1 12:1 
18251,1,0:78 11:1 12:1 
18253,1,0:239 11:1 12:1 
18257,1,0:26 11:1 12:1 
18269,1,0:7 11:1 12:1 
18287,1,0:206 11:1 12:1 
18289,1,0:39 11:1 12:1 
18301,1,0:21 11:1 12:1 
18307,1,0:146 11:1 12:1 
18311,1,0:83 11:1 12:1 
18313,1,0:82 11:1 12:1 
18329,1,0:107 11:1 12:1 
18341,1,0:115 11:1 12:1 
18353,1,0:159 11:1 12:1 
18367,1,0:40 11:1 12:1 
18371,1,0:52 11:1 12:1 
18379,1,0:18 11:1 12:1 
18397,1,0:14 11:1 12:1 
18401,1,0:14 11:1 12:1 
18413,1,0:53 11:1 12:1 
18427,1,0:82 11:1 12:1 
18433,1,0:40 11:1 12:1 
18439,1,0:6 11:1 12:1 
18443,1,0:55 11:1 12:1 
18451,1,0:11 11:1 12:1 
18457,1,0:67 11:1 12:1 
18461,1,0:127 11:1 12:1 
18481,1,0:104 11:1 12:1 
18493,1,0:2 11:1 12:1 
18503,1,0:99 11:1 12:1 
18517,1,0:88 11:1 12:1 
18521,1,0:88 11:1 12:1 
18523,1,0:105 11:1 12:1 
18539,1,0:10 11:1 12:1 
18541,1,0:98 11:1 12:1 
18553,1,0:84 11:1 12:1 
18583,1,0:12 11:1 12:1 
18587,1,0:23 11:1 12:1 
18593,1,0:55 11:1 12:1 
18617,1,0:45 11:1 12:1 
18637,1,0:59 11:1 12:1 
18661,1,0:13 11:1 12:1 
18671,1,0:28 11:1 12:1 
18679,1,0:48 11:1 12:1 
18691,1,0:62 11:1 12:1 
18701,1,0:3 11:1 12:1 
18713,1,0:3 11:1 12:1 
18719,1,0:177 11:1 12:1 
18731,1,0:47 11:1 12:1 
18743,1,0:55 11:1 12:1 
18749,1,0:33 11:1 12:1 
18757,1,0:60 11:1 12:1 
18773,1,0:72 11:1 12:1 
18787,1,0:69 11:1 12:1 
18793,1,0:53 11:1 12:1 
18797,1,0:21 11:1 12:1 
18803,1,0:245 11:1 12:1 
18839,1,0:37 11:1 12:1 
18859,1,0:142 11:1 12:1 
18869,1,0:12 11:1 12:1 
18899,1,0:11 11:1 12:1 
18911,1,0:14 11:1 12:1 
18913,1,0:111 11:1 12:1 
18917,1,0:20 11:1 12:1 
18919,1,0:129 11:1 12:1 
18947,1,0:62 11:1 12:1 
18959,1,0:157 11:1 12:1 
18973,1,0:39 11:1 12:1 
18979,1,0:76 11:1 12:1 
19001,1,0:467 11:1 12:1 
19009,1,0:87 11:1 12:1 
19013,1,0:45 11:1 12:1 
19031,1,0:44 11:1 12:1 
19037,1,0:13 11:1 12:1 
19051,1,0:41 11:1 12:1 
19069,1,0:85 11:1 12:1 
19073,1,0:6 11:1 12:1 
19079,1,0:89 11:1 12:1 
19081,1,0:47 11:1 12:1 
19087,1,0:35 11:1 12:1 
19121,1,0:61 11:1 12:1 
19139,1,0:79 11:1 12:1 
19141,1,0:52 11:1 12:1 
19157,1,0:32 11:1 12:1 
19163,1,0:26 11:1 12:1 
19181,1,0:19 11:1 12:1 
19183,1,0:13 11:1 12:1 
19207,1,0:62 11:1 12:1 
19211,1,0:92 11:1 12:1 
19213,1,0:20 11:1 12:1 
19219,1,0:228 11:1 12:1 
19231,1,0:23 11:1 12:1 
19237,1,0:32 11:1 12:1 
19249,1,0:51 11:1 12:1 
19259,1,0:87 11:1 12:1 
19267,1,0:108 11:1 12:1 
19273,1,0:10 11:1 12:1 
19289,1,0:3 11:1 12:1 
19301,1,0:12 11:1 12:1 
19309,1,0:96 11:1 12:1 
19319,1,0:33 11:1 12:1 
19333,1,0:122 11:1 12:1 
19373,1,0:143 11:1 12:1 
19379,1,0:94 11:1 12:1 
19381,1,0:106 11:1 12:1 
19387,1,0:18 11:1 12:1 
19391,1,0:61 11:1 12:1 
19403,1,0:8 11:1 12:1 
19417,1,0:26 11:1 12:1 
19421,1,0:399 11:1 12:1 
19423,1,0:42 11:1 12:1 
19427,1,0:309 11:1 12:1 
19429,1,0:14 11:1 12:1 
19433,1,0:26 11:1 12:1 
19441,1,0:59 11:1 12:1 
19447,1,0:29 11:1 12:1 
19457,1,0:216 11:1 12:1 
19463,1,0:60 11:1 12:1 
19469,1,0:13 11:1 12:1 
19471,1,0:30 11:1 12:1 
19477,1,0:24 11:1 12:1 
19483,1,0:42 11:1 12:1 
19489,1,0:34 11:1 12:1 
19501,1,0:133 11:1 12:1 
19507,1,0:11 11:1 12:1 
19531,1,0:73 11:1 12:1 
19541,1,0:48 11:1 12:1 
19543,1,0:180 11:1 12:1 
19553,1,0:89 11:1 12:1 
19559,1,0:73 11:1 12:1 
19571,1,0:31 11:1 12:1 
19577,1,0:11 11:1 12:1 
19583,1,0:14 11:1 12:1 
19597,1,0:46 11:1 12:1 
19603,1,0:85 11:1 12:1 
19609,1,0:44 11:1 12:1 
19661,1,0:107 11:1 12:1 
19681,1,0:33 11:1 12:1 
19687,1,0:104 11:1 12:1 
19697,1,0:20 11:1 12:1 
19699,1,0:26 11:1 12:1 
19709,1,0:11 11:1 12:1 
19717,1,0:18 11:1 12:1 
19727,1,0:19 11:1 12:1 
19739,1,0:53 11:1 12:1 
19751,1,0:89 11:1 12:1 
19753,1,0:62 11:1 12:1 
19759,1,0:79 11:1 12:1 
19763,1,0:55 11:1 12:1 
19777,1,0:111 11:1 12:1 
19793,1,0:54 11:1 12:1 
19801,1,0:62 11:1 12:1 
19813,1,0:50 11:1 12:1 
19819,1,0:89 11:1 12:1 
19841,1,0:48 11:1 12:1 
19843,1,0:269 11:1 12:1 
19853,1,0:180 11:1 12:1 
19861,1,0:31 11:1 12:1 
19867,1,0:38 11:1 12:1 
19889,1,0:60 11:1 12:1 
19891,1,0:76 11:1 12:1 
19913,1,0:33 11:1 12:1 
19919,1,0:57 11:1 12:1 
19927,1,0:46 11:1 12:1 
19937,1,0:101 11:1 12:1 
19949,1,0:42 11:1 12:1 
19961,1,0:12 11:1 12:1 
19963,1,0:52 11:1 12:1 
19973,1,0:8 11:1 12:1 
19979,1,0:33 11:1 12:1 
19991,1,0:11 11:1 12:1 
19993,1,0:124 11:1 12:1 
19997,1,0:145 11:1 12:1 
20011,1,0:84 11:1 12:1 
20021,1,0:18 11:1 12:1 
20023,1,0:54 11:1 12:1 
20029,1,0:32 11:1 12:1 
20047,1,0:96 11:1 12:1 
20051,1,0:10 11:1 12:1 
20063,1,0:123 11:1 12:1 
20071,1,0:17 11:1 12:1 
20089,1,0:43 11:1 12:1 
20101,1,0:10 11:1 12:1 
20107,1,0:132 11:1 12:1 
20113,1,0:43 11:1 12:1 
20117,1,0:18 11:1 12:1 
20123,1,0:37 11:1 12:1 
20129,1,0:52 11:1 12:1 
20143,1,0:55 11:1 12:1 
20147,1,0:19 11:1 12:1 
20149,1,0:101 11:1 12:1 
20161,1,0:13 11:1 12:1 
20173,1,0:78 11:1 12:1 
20177,1,0:80 11:1 12:1 
20183,1,0:26 11:1 12:1 
20201,1,0:41 11:1 12:1 
20219,1,0:33 11:1 12:1 
20231,1,0:70 11:1 12:1 
20233,1,0:127 11:1 12:1 
20249,1,0:73 11:1 12:1 
20261,1,0:18 11:1 12:1 
20269,1,0:11 11:1 12:1 
20287,1,0:88 11:1 12:1 
20297,1,0:183 11:1 12:1 
20323,1,0:26 11:1 12:1 
20327,1,0:89 11:1 12:1 
20333,1,0:93 11:1 12:1 
20341,1,0:40 11:1 12:1 
20347,1,0:69 11:1 12:1 
20353,1,0:5 11:1 12:1 
20357,1,0:61 11:1 12:1 
20359,1,0:21 11:1 12:1 
20369,1,0:7 11:1 12:1 
20389,1,0:124 11:1 12:1 
20393,1,0:136 11:1 12:1 
20399,1,0:13 11:1 12:1 
20407,1,0:10 11:1 12:1 
20411,1,0:187 11:1 12:1 
20431,1,0:21 11:1 12:1 
20441,1,0:21 11:1 12:1 
20443,1,0:98 11:1 12:1 
20477,1,0:14 11:1 12:1 
20479,1,0:34 11:1 12:1 
20483,1,0:15 11:1 12:1 
20507,1,0:54 11:1 12:1 
20509,1,0:195 11:1 12:1 
20521,1,0:26 11:1 12:1 
20533,1,0:33 11:1 12:1 
20543,1,0:74 11:1 12:1 
20549,1,0:157 11:1 12:1 
20551,1,0:26 11:1 12:1 
20563,1,0:12 11:1 12:1 
20593,1,0:139 11:1 12:1 
20599,1,0:127 11:1 12:1 
20611,1,0:59 11:1 12:1 
20627,1,0:35 11:1 12:1 
20639,1,0:101 11:1 12:1 
20641,1,0:113 11:1 12:1 
20663,1,0:74 11:1 12:1 
20681,1,0:228 11:1 12:1 
20693,1,0:66 11:1 12:1 
20707,1,0:62 11:1 12:1 
20717,1,0:13 11:1 12:1 
20719,1,0:24 11:1 12:1 
20731,1,0:26 11:1 12:1 
